claim_id,claim,maturity,proof_or_argument,manuscript_location,implementation_or_test,raw_result,scope_and_limit,fresh_recheck,recheck_date,independent_review
C01,Every active attempt has available operands and every reached predicate evaluation has available atoms,hand-proved; finite-checked,proofs/semantics.md sections 4-6,paper label lem:availability,semantic_certificates/checker.py; tests/test_semantics.py,results/unit-tests.txt,Every finite trip count in the stated abstract semantics; syntactic guard-readiness rule; no runtime allocation theorem,Source and proof inspected; 18 regression tests included; not a machine proof,2026-09-14,none
C02,Computed conditional goodness implies equality to the fault-lifted source denotation,hand-proved; finite-checked,proofs/semantics.md section 5,paper label lem:goodness,semantic_certificates/checker.py; semantic_certificates/certificate_oracle.py,results/certificate_oracle.json,Joint induction with earlier retirement; identity-preserving local tickets and retired loop-carried operands only,"Exact 216-certificate oracle is bounded corroboration, not a general proof",2026-09-14,none
C03,"Admitted semantic certificates preserve trace, last-value map and first-fault termination",hand-proved; finite-checked,proofs/semantics.md section 6 Theorem 1,paper label thm:preservation (Theorem 3),semantic_certificates/reference.py; semantic_certificates/target.py,results/summary.json,All finite trip counts for mathematical semantics; implementations not formally verified,135200 accepted-candidate comparisons; zero mismatches; raw families and generated cases retained,2026-09-14,none
C04,Phase-stage envelope equals maximum occupancy under independent per-iteration Boolean streams,hand-proved; finite-checked,proofs/semantics.md section 7 Theorem 2,paper label thm:resource (Theorem 4); fig:shifted,semantic_certificates/checker.py; semantic_certificates/resource_oracle.py,results/resources.json; results/resource_rows.csv,"Exact activation envelope, not necessarily tight for fault-truncated executions or correlated streams","1728 components, 2376 phase cells and 90720 global assignments; zero discrepancies",2026-09-14,none
C05,The full-recovery constructor cannot improve the least admitted initiation interval over Wait on the same interval domain,hand-proved; finite-checked; exploratory,proofs/semantics.md section 8 Theorem 3,paper labels lem:same-c; lem:resource-dominance; thm:dominance (Theorem 7),semantic_certificates/builders.py; semantic_certificates/dominance.py,results/dominance.json; results/generated_rows.csv,Identical actual-replay and Wait offsets; independent predictions; full replay; fixed worst-case retirement; not all speculative scheduling,"6144 candidate pairs, 2695 true antecedents, no implication counterexample; explanatory proof developed after outcomes",2026-09-14,none
C06,Structural admission is not necessary for semantic equality,hand-proved; finite-checked,proofs/semantics.md section 9,paper section 8.1,cases/counterexamples/; semantic_certificates/experiments.py,results/mutations.json,Identity operation and same fallback; not a claim about completeness of the restricted finite grammar,Algebraic argument for ordinary values and 144 finite checks,2026-09-14,none
C07,Accepted-candidate empirical comparisons all agree within the specified domains,finite-checked,README.md evidence selection,paper Table 1 and section 7.3,semantic_certificates/experiments.py; verify_results.py,results/summary.json; results/family-*.json; results/generated.json,66304 exhaustive-family inputs and 2304 generated inputs; only admitted generated candidates compared,132608 family plus 2592 generated comparisons; invalid-certificate oracle comparisons excluded,2026-09-14,none
C08,The finite one-node grammar has no false admissions or false rejections in its exact input domain,finite-checked,README.md; semantic_certificates/certificate_oracle.py,paper section 7.4,cases/certificate-oracle/,results/certificate_oracle.json; results/certificate_oracle_rows.csv,216 certificates; 108 inputs each; one iteration; not general completeness,"4 admitted, 212 rejected, 23328 target comparisons",2026-09-14,none
C09,Seven certificate mutants are rejected and two altered execution contracts are behaviorally distinguished,finite-checked,proofs/semantics.md section 9,paper section 7.5,cases/counterexamples/; tests/test_semantics.py,results/mutations.json,Some witnesses are stuck rather than unequal completed traces; no global minimality claim,7/7 rejected with witnesses; 2/2 runtime controls distinguished,2026-09-14,none
C10,Generated full-recovery scheduling has no paired improvement,finite-checked; negative result,README.md,paper Table 2,cases/generated/,results/generated_rows.csv; results/summary.json,"96 included schemas; 46 Recover admitted, 62 Wait admitted, 46 paired; not workload-representative","0 better, 3 equal, 43 worse; all 46 paired retirement offsets equal",2026-09-14,none
C11,Two concrete implementation regressions were repaired and retained,finite-checked,README.md trust boundary,paper section 7.6,cases/counterexamples/opaque-identifier.json; cases/counterexamples/false-guard-release.json; tests/test_semantics.py,results/unit-tests.txt,Opaque pending-key collision and false-predicate atom availability; no proof of absence of all bugs,Original witnesses retained under neutral identifiers,2026-09-14,none
C12,The retained pre-F1 source state completed all 16 documented reproduction stages from a clean repository extraction,measured; retained historical reproduction,README.md reproduction commands,paper section 7.6,reproduce.py; run_bounded.py; verify_results.py,results/reproduction.json,"Predates the F1 availability-map format repair; not rerun after that code change; no independent review; timing is interpreter work, not schedule speed",results/reproduction.json preserved unchanged; only targeted format tests and probes were executed after F1,2026-09-26,none
C13,Broad novelty over validated software pipelining and predicated scheduling is not established,not-established,proofs/literature.md,paper sections 1.2 and 8.2,external_resources.csv,No novelty experiment,Closest later work and historical source full-text obligations remain open,"No first, necessary, optimal, practical or production claim",2026-09-14,none
C14,The internal technical record does not satisfy the requested completed 50-page article contract,not-established,README.md; project CURRENT-STATE.md,paper first-page internal-record statement,paper/main.pdf,Current compiled PDF; no submission record,17 pages including five references; required 12/5/5 calibration incomplete,No external submission readiness or acceptance claim,2026-09-14,none
C15,Malformed availability maps are rejected as structured format data at the API and CLI boundary,finite-checked,Artifact input-format contract; no theorem claim,paper section 7.6,semantic_certificates/checker.py; tests/test_format_validation.py,results/unit-tests.txt; results/f1-format-validation.json,"Only guard_ready/input_ready object type, exact keys and integer releases; not a general parser or implementation proof",Original 18 tests unchanged and passed; three new methods passed; six non-object cases returned format verdicts; CLI JSON exited 2; normal certificate accepted; retained-result reconciliation passed without regenerating experiments; full campaign not rerun,2026-09-26,none
