name,url,license,access_date,resource_type,acquisition_method,integration_mode,supported_claim,internals_modified,access_status
ACM acmart class,https://www.acm.org/publications/authors/submissions,LPPL 1.3c; supplied LICENSE,2026-09-14,class asset,User-supplied template ZIP,"paper/acmart.cls, unchanged",Internal acmsmall typesetting,no,Supplied file inspected; live template endpoint failed
ACM Reference Format bibliography style,https://www.acm.org/publications/authors/submissions,LPPL 1.3c; supplied LICENSE,2026-09-14,bibliography asset,User-supplied template ZIP,"paper/ACM-Reference-Format.bst, unchanged",Internal reference formatting,no,Supplied file inspected; live template endpoint failed
Lam: Software Pipelining (1988),https://doi.org/10.1145/53990.54022,Publisher rights; no full text redistributed,2026-09-14,scholarly publication,Bibliographic records and attempted author PDF,Bibliographic citation only,"Historical lineage, not a verified gap",no,Author PDF failed; full substantive source not verified
Lam author-hosted source,https://suif.stanford.edu/papers/lam-sp.pdf,Unknown redistribution permission; not bundled,2026-09-14,scholarly full-text endpoint,Web open attempted,None,Required source-reading obligation,no,Endpoint error; not read
Tristan and Leroy (2010),https://xavierleroy.org/publi/validation-softpipe.pdf,Author/publisher rights; not redistributed,2026-09-14,scholarly full text,Web PDF text and selected page image,"Citation and narrow comparison, no code integrated",Existing verified software-pipelining validator,no,Substantive selected sections read; not used to claim 12/5/5 calibration
Herklotz and Wickerson (2024),https://yannherklotz.com/papers/pldi24_hsvhls.pdf,Author/publisher rights; not redistributed,2026-09-14,scholarly full text,Web PDF text and selected page image,"Citation and narrow comparison, no code integrated",Existing predicated symbolic scheduling validation,no,Substantive selected sections read
Boudol and Petri (2010),https://gpetri.github.io/publis/atosc.pdf,Author/publisher rights; not redistributed,2026-09-14,scholarly full text,Web PDF text and selected page image,Citation and narrow comparison,Existing semantic theory of speculation,no,Selected semantic and validity passages read
Melchert et al. (2025),https://doi.org/10.34727/2025/isbn.978-3-85448-084-6_26,Repository lists CC BY 4.0; no PDF bundled,2026-09-14,scholarly full text,Publisher repository PDF through Web,Citation and narrow comparison,Accelerator compiler translation validation,no,Selected model and validation passages read
She et al. speculative-loop framework (2025),https://doi.org/10.1145/3705732,Publisher rights; no full text bundled,2026-09-14,scholarly metadata,Publisher index and author laboratory publication listing,Unresolved literature lead only,Closest-work screening hold,no,Full paper not retrieved; no technical exclusion asserted
Leothaud et al. area-efficient speculative pipelining (2026),https://doi.org/10.23919/DATE69613.2026.11539349,Publisher rights; no full text bundled,2026-09-14,scholarly metadata,IEEE record and HAL index,Unresolved literature lead only,Closest-work screening hold,no,Full text blocked; poster not counted as full paper
Leothaud et al. stable author archive,https://cnrs.hal.science/LAB-STICC/hal-05365717v2,Archive permission unverified; not bundled,2026-09-14,scholarly archive endpoint,Web open attempted,None,Deterministic next acquisition endpoint,no,Access challenge; not read
Roorda: Optimal Software Pipelining using an SMT-Solver (2026),https://arxiv.org/abs/2601.21842,License not inspected; no text bundled,2026-09-14,scholarly metadata/abstract,Primary arXiv search record,Unresolved scheduling lead only,"Comparator screening, no optimality claim",no,Abstract only; not counted as full paper
Atomicity Refinement for Verified Compilation,https://gpetri.github.io/publis/vrfvc-toplas14.pdf,Author/publisher rights; not bundled,2026-09-14,scholarly preprint,Selected Web PDF passages,Calibration lead only,Potential same-venue calibration candidate,no,Preprint front matter has placeholders; final metadata not established
TOPLAS author guidelines,https://dl.acm.org/journal/toplas/author-guidelines,ACM website; not bundled,2026-09-14,official workflow rules,Direct Web open attempted,No publication-rule conclusion,Live venue verification hold,no,Endpoint failed on final recheck
ACM authorship policy,https://www.acm.org/publications/policies/new-acm-policy-on-authorship,ACM website; not bundled,2026-09-14,official workflow rules,Direct Web open attempted; official indexed mirror inspected,No waived obligation,External-use policy verification hold,no,Direct endpoint inaccessible; truthful substantive AI-use disclosure retained
