key,kind,title,author,year,doi,venue,pages,primary_record,technical_source,inspected_scope,access_level,entire_fulltext_read_claim,verification_method,checked_on,limitations,cited_in,volume,number,articleno,numpages,series
lam1988,inproceedings,Software Pipelining: An Effective Scheduling Technique for {VLIW} Machines,Monica Lam,1988,10.1145/53990.54022,Proceedings of the ACM SIGPLAN Conference on Programming Language Design and Implementation,318--328,https://doi.org/10.1145/53990.54022,https://doi.org/10.1145/53990.54022,Publication metadata and published scope only; no theorem-level absence inference,metadata_or_abstract,False,Manual first-party publication/author-source cross-check; not an automatic DOI API audit,2026-10-04,No exhaustive novelty certification; third-party PDF not redistributed,sections/01-introduction.tex; sections/08-related.tex,,,,,
tristan2010,inproceedings,"A Simple, Verified Validator for Software Pipelining",Jean-Baptiste Tristan and Xavier Leroy,2010,10.1145/1706299.1706311,Proceedings of the ACM SIGPLAN-SIGACT Symposium on Principles of Programming Languages,83--92,https://doi.org/10.1145/1706299.1706311,https://xavierleroy.org/publi/validation-softpipe.pdf,"Sections 2,4,5,6,7,9; counted loops, encountered computations, symbolic obligations",technical_fulltext_passages,False,Manual first-party publication/author-source cross-check; not an automatic DOI API audit,2026-10-04,No exhaustive novelty certification; third-party PDF not redistributed,sections/01-introduction.tex; sections/08-related.tex,,,,,
herklotz2024,article,Hyperblock Scheduling for Verified High-Level Synthesis,Yann Herklotz and John Wickerson,2024,10.1145/3656455,Proceedings of the ACM on Programming Languages,,https://doi.org/10.1145/3656455,https://johnwickerson.github.io/papers/vericert_pldi24.pdf,"Predicated symbolic summaries, encountered expressions, correctness statement, conclusion",technical_fulltext_passages,False,Manual first-party publication/author-source cross-check; not an automatic DOI API audit,2026-10-04,No exhaustive novelty certification; third-party PDF not redistributed,sections/01-introduction.tex; sections/08-related.tex,8,PLDI,225,25,
boudol2010,inproceedings,A Theory of Speculative Computation,G{\'e}rard Boudol and Gustavo Petri,2010,10.1007/978-3-642-11957-6_10,Programming Languages and Systems: European Symposium on Programming,165--184,https://doi.org/10.1007/978-3-642-11957-6_10,https://doi.org/10.1007/978-3-642-11957-6_10,Publication metadata and published scope only; no theorem-level absence inference,metadata_or_abstract,False,Manual first-party publication/author-source cross-check; not an automatic DOI API audit,2026-10-04,No exhaustive novelty certification; third-party PDF not redistributed,sections/08-related.tex,6012,,,,Lecture Notes in Computer Science
melchert2025,inproceedings,Automated Translation Validation of a Compiler for Statically Scheduled Accelerators,Jackson Melchert and Caleb Terrill and {\'A}ron Ricardo Perez-Lopez and Clark Barrett and Priyanka Raina,2025,10.34727/2025/isbn.978-3-85448-084-6_26,Formal Methods in Computer-Aided Design,198--208,https://doi.org/10.34727/2025/isbn.978-3-85448-084-6_26,https://doi.org/10.34727/2025/isbn.978-3-85448-084-6_26,Publication metadata and published scope only; no theorem-level absence inference,metadata_or_abstract,False,Manual first-party publication/author-source cross-check; not an automatic DOI API audit,2026-10-04,No exhaustive novelty certification; third-party PDF not redistributed,sections/08-related.tex,,,,,
pnueli1998,inproceedings,Translation Validation,Amir Pnueli and Michael Siegel and Eli Singerman,1998,10.1007/BFb0054170,Tools and Algorithms for the Construction and Analysis of Systems,151--166,https://doi.org/10.1007/BFb0054170,https://doi.org/10.1007/BFb0054170,Publication metadata and published scope only; no theorem-level absence inference,metadata_or_abstract,False,Manual first-party publication/author-source cross-check; not an automatic DOI API audit,2026-10-04,No exhaustive novelty certification; third-party PDF not redistributed,sections/08-related.tex,1384,,,,Lecture Notes in Computer Science
necula2000,inproceedings,Translation Validation for an Optimizing Compiler,George C. Necula,2000,10.1145/349299.349314,Proceedings of the ACM SIGPLAN Conference on Programming Language Design and Implementation,83--94,https://doi.org/10.1145/349299.349314,https://doi.org/10.1145/349299.349314,Publication metadata and published scope only; no theorem-level absence inference,metadata_or_abstract,False,Manual first-party publication/author-source cross-check; not an automatic DOI API audit,2026-10-04,No exhaustive novelty certification; third-party PDF not redistributed,sections/08-related.tex,,,,,
leroy2009,article,Formal Verification of a Realistic Compiler,Xavier Leroy,2009,10.1145/1538788.1538814,Communications of the ACM,107--115,https://doi.org/10.1145/1538788.1538814,https://xavierleroy.org/publi/,Publication metadata and published scope only; no theorem-level absence inference,metadata_or_abstract,False,Manual first-party publication/author-source cross-check; not an automatic DOI API audit,2026-10-04,No exhaustive novelty certification; third-party PDF not redistributed,sections/08-related.tex,52,7,,,
tristan2008,inproceedings,Formal Verification of Translation Validators: A Case Study on Instruction Scheduling Optimizations,Jean-Baptiste Tristan and Xavier Leroy,2008,10.1145/1328438.1328444,Proceedings of the ACM SIGPLAN-SIGACT Symposium on Principles of Programming Languages,17--27,https://doi.org/10.1145/1328438.1328444,https://xavierleroy.org/publi/validation-scheduling.pdf,Abstract and validator/symbolic execution definitions,technical_fulltext_passages,False,Manual first-party publication/author-source cross-check; not an automatic DOI API audit,2026-10-04,No exhaustive novelty certification; third-party PDF not redistributed,sections/08-related.tex,,,,,
herklotz2021,article,Formal Verification of High-Level Synthesis,Yann Herklotz and James D. Pollard and Nadesh Ramanathan and John Wickerson,2021,10.1145/3485494,Proceedings of the ACM on Programming Languages,,https://doi.org/10.1145/3485494,https://johnwickerson.github.io/papers/vericert_oopsla21.pdf,"Front matter, compiler/semantics interface and related-work references",technical_fulltext_passages,False,Manual first-party publication/author-source cross-check; not an automatic DOI API audit,2026-10-04,No exhaustive novelty certification; third-party PDF not redistributed,sections/08-related.tex,5,OOPSLA,117,30,
six2020,article,Certified and Efficient Instruction Scheduling: Application to Interlocked {VLIW} Processors,Cyril Six and Sylvain Boulm{\'e} and David Monniaux,2020,10.1145/3428197,Proceedings of the ACM on Programming Languages,,https://doi.org/10.1145/3428197,https://doi.org/10.1145/3428197,Publication metadata and published scope only; no theorem-level absence inference,metadata_or_abstract,False,Manual first-party publication/author-source cross-check; not an automatic DOI API audit,2026-10-04,No exhaustive novelty certification; third-party PDF not redistributed,sections/08-related.tex,4,OOPSLA,,,
six2022,inproceedings,Formally Verified Superblock Scheduling,Cyril Six and L{\'e}o Gourdin and Sylvain Boulm{\'e} and David Monniaux and Justus Fasse and Nicolas Nardino,2022,10.1145/3497775.3503679,Proceedings of the ACM SIGPLAN International Conference on Certified Programs and Proofs,40--54,https://doi.org/10.1145/3497775.3503679,https://doi.org/10.1145/3497775.3503679,Publication metadata and published scope only; no theorem-level absence inference,metadata_or_abstract,False,Manual first-party publication/author-source cross-check; not an automatic DOI API audit,2026-10-04,No exhaustive novelty certification; third-party PDF not redistributed,sections/08-related.tex,,,,,
alive2,inproceedings,{Alive2}: Bounded Translation Validation for {LLVM},Nuno P. Lopes and Juneyoung Lee and Chung-Kil Hur and Zhengyang Liu and John Regehr,2021,10.1145/3453483.3454030,Proceedings of the ACM SIGPLAN Conference on Programming Language Design and Implementation,,https://doi.org/10.1145/3453483.3454030,https://users.cs.utah.edu/~regehr/alive2-pldi21.pdf,"Sections 1-3: LLVM refinement, boundedness, poison/undefined behavior",technical_fulltext_passages,False,Manual first-party publication/author-source cross-check; not an automatic DOI API audit,2026-10-04,No exhaustive novelty certification; third-party PDF not redistributed,sections/08-related.tex,,,,,
smith1988,article,Implementing Precise Interrupts in Pipelined Processors,James E. Smith and Andrew R. Pleszkun,1988,10.1109/12.4607,IEEE Transactions on Computers,562--573,https://doi.org/10.1109/12.4607,https://doi.org/10.1109/12.4607,Publication metadata and published scope only; no theorem-level absence inference,metadata_or_abstract,False,Manual first-party publication/author-source cross-check; not an automatic DOI API audit,2026-10-04,No exhaustive novelty certification; third-party PDF not redistributed,sections/01-introduction.tex; sections/08-related.tex,37,5,,,
mahlke1993,article,Sentinel Scheduling: A Model for Compiler-Controlled Speculative Execution,Scott A. Mahlke and William Y. Chen and Roger A. Bringmann and Richard E. Hank and Wen-mei W. Hwu and B. Ramakrishna Rau and Michael S. Schlansker,1993,10.1145/161541.159765,ACM Transactions on Computer Systems,376--408,https://doi.org/10.1145/161541.159765,https://doi.org/10.1145/161541.159765,Publication metadata and published scope only; no theorem-level absence inference,metadata_or_abstract,False,Manual first-party publication/author-source cross-check; not an automatic DOI API audit,2026-10-04,No exhaustive novelty certification; third-party PDF not redistributed,sections/01-introduction.tex; sections/08-related.tex,11,4,,,
josipovic2019,inproceedings,Speculative Dataflow Circuits,Lana Josipovi{\'c} and Andrea Guerrieri and Paolo Ienne,2019,10.1145/3289602.3293914,Proceedings of the ACM/SIGDA International Symposium on Field-Programmable Gate Arrays,162--171,https://doi.org/10.1145/3289602.3293914,https://dynamo.ethz.ch/wp-content/uploads/2022/06/Josipovic_FPGA19_SpeculativeDataflowCircuits.pdf,Abstract and speculative dataflow mechanism,technical_fulltext_passages,False,Manual first-party publication/author-source cross-check; not an automatic DOI API audit,2026-10-04,No exhaustive novelty certification; third-party PDF not redistributed,sections/08-related.tex,,,,,
leothaud2025,inproceedings,Optimizing Recovery Logic in Speculative High-Level Synthesis,Dylan Leothaud and Jean-Michel Gorius and Simon Rokicki and Steven Derrien,2025,10.1109/DAC63849.2025.11133015,ACM/IEEE Design Automation Conference,1--7,https://doi.org/10.1109/DAC63849.2025.11133015,https://dleothaud.fr/pdf/DAC_2025_presentation.pdf,"DAC author presentation, slides 5-7; diagrams inspected. Recovery restoration, unused-state elimination, narrower-width retiming and reversible operators; no inference about unexamined paper proofs.",author_presentation,False,Manual first-party publication/author-source cross-check; not an automatic DOI API audit,2026-10-05,Companion presentation is not whole-paper reading or a replacement for the unavailable paper; not counted in full-paper calibration,sections/08-related.tex,,,,,
leothaud2026,inproceedings,Area Efficient Speculative Loop Pipelining for High-Level Synthesis,Dylan Leothaud and Simon Rokicki and Steven Derrien and Isabelle Puaut,2026,10.23919/DATE69613.2026.11539349,"Design, Automation and Test in Europe Conference",,https://doi.org/10.23919/DATE69613.2026.11539349,https://dleothaud.fr/,Publication metadata and published scope only; no theorem-level absence inference,metadata_or_abstract,False,Manual first-party publication/author-source cross-check; not an automatic DOI API audit,2026-10-04,No exhaustive novelty certification; third-party PDF not redistributed,sections/08-related.tex,,,,,
eager2026,inproceedings,{EagerlyElastic}: Correct-by-Construction Eager Execution in Dynamically-Scheduled {HLS},Shun Katsumi and Emmet Murphy and Lana Josipovi{\'c},2026,10.1145/3748173.3779196,Proceedings of the ACM/SIGDA International Symposium on Field-Programmable Gate Arrays,103--113,https://doi.org/10.1145/3748173.3779196,https://dynamo.ethz.ch/publications/,Publication metadata and published scope only; no theorem-level absence inference,metadata_or_abstract,False,Manual first-party publication/author-source cross-check; not an automatic DOI API audit,2026-10-04,No exhaustive novelty certification; third-party PDF not redistributed,sections/08-related.tex,,,,,
flowcert2024,article,{FlowCert}: Translation Validation for Asynchronous Dataflow via Dynamic Fractional Permissions,Zhengyao Lin and Joshua Gancher and Bryan Parno,2024,10.1145/3689729,Proceedings of the ACM on Programming Languages,,https://doi.org/10.1145/3689729,https://www.andrew.cmu.edu/user/bparno/papers/flowcert.pdf,"Sections 2-5: canonical schedule, simulation, dynamic permissions",technical_fulltext_passages,False,Manual first-party publication/author-source cross-check; not an automatic DOI API audit,2026-10-04,No exhaustive novelty certification; third-party PDF not redistributed,sections/01-introduction.tex; sections/08-related.tex,8,OOPSLA2,289,28,
elasticmiter2025,inproceedings,{ElasticMiter}: Formally Verified Dataflow Circuit Rewrites,Ayatallah Elakhras and Jiahui Xu and Martin Erhart and Paolo Ienne and Lana Josipovi{\'c},2025,10.1145/3676641.3715993,Proceedings of the International Conference on Architectural Support for Programming Languages and Operating Systems,293--308,https://doi.org/10.1145/3676641.3715993,https://dynamo.ethz.ch/wp-content/uploads/2025/06/Elakhras_Xu_ASPLOS25_ElasticMiter.pdf,Sections 1-3: rewrite equivalence and input/output behavior,technical_fulltext_passages,False,Manual first-party publication/author-source cross-check; not an automatic DOI API audit,2026-10-04,No exhaustive novelty certification; third-party PDF not redistributed,sections/01-introduction.tex; sections/08-related.tex,2,,,,
graphiti2026,inproceedings,{Graphiti}: Formally Verified Out-of-Order Execution in Dataflow Circuits,Yann Herklotz and Ayatallah Elakhras and Martina Camaioni and Paolo Ienne and Lana Josipovi{\'c} and Thomas Bourgeat,2026,10.1145/3779212.3790166,Proceedings of the International Conference on Architectural Support for Programming Languages and Operating Systems,821--837,https://doi.org/10.1145/3779212.3790166,https://yannherklotz.com/papers/asplos26_fvo.pdf,"Sections 3-5: graph refinement, Lean verification boundaries",technical_fulltext_passages,False,Manual first-party publication/author-source cross-check; not an automatic DOI API audit,2026-10-04,No exhaustive novelty certification; third-party PDF not redistributed,sections/01-introduction.tex; sections/08-related.tex,2,,,,
wavelet2026,article,Let It Flow: A Formally Verified Compilation Framework for Asynchronous Dataflow,Zhengyao Lin and Yi Cai and Milijana Surbatovich,2026,10.1145/3808263,Proceedings of the ACM on Programming Languages,,https://doi.org/10.1145/3808263,https://www.andrew.cmu.edu/user/bparno/papers/wavelet.pdf,"Capability regions, determinacy and theorem statements in Sections 4-5",technical_fulltext_passages,False,Manual first-party publication/author-source cross-check; not an automatic DOI API audit,2026-10-04,No exhaustive novelty certification; third-party PDF not redistributed,sections/01-introduction.tex; sections/08-related.tex,10,PLDI,185,25,
rau1994,inproceedings,Iterative Modulo Scheduling: An Algorithm for Software Pipelining Loops,B. Ramakrishna Rau,1994,10.1145/192724.192731,Proceedings of the Annual International Symposium on Microarchitecture,63--74,https://doi.org/10.1145/192724.192731,https://doi.org/10.1145/192724.192731,Publication metadata and published scope only; no theorem-level absence inference,metadata_or_abstract,False,Manual first-party publication/author-source cross-check; not an automatic DOI API audit,2026-10-04,No exhaustive novelty certification; third-party PDF not redistributed,sections/01-introduction.tex; sections/08-related.tex,,,,,
palem1993,article,Scheduling Time-Critical Instructions on {RISC} Machines,Krishna V. Palem and Barbara Simons,1993,10.1145/155183.155190,ACM Transactions on Programming Languages and Systems,632--658,https://doi.org/10.1145/155183.155190,https://doi.org/10.1145/155183.155190,Publication metadata and published scope only; no theorem-level absence inference,metadata_or_abstract,False,Manual first-party publication/author-source cross-check; not an automatic DOI API audit,2026-10-04,No exhaustive novelty certification; third-party PDF not redistributed,sections/08-related.tex,15,4,,,
leung2001,article,Scheduling Time-Constrained Instructions on Pipelined Processors,Allen Leung and Krishna Palem and Amir Pnueli,2001,10.1145/383721.383733,ACM Transactions on Programming Languages and Systems,73--103,https://doi.org/10.1145/383721.383733,https://cs.nyu.edu/home/people/in_memoriam/pnueli/LPP01.htm,Publication metadata and published scope only; no theorem-level absence inference,metadata_or_abstract,False,Manual first-party publication/author-source cross-check; not an automatic DOI API audit,2026-10-04,No exhaustive novelty certification; third-party PDF not redistributed,sections/08-related.tex,23,1,,,
wilken-scheduling,inproceedings,Optimal Instruction Scheduling Using Integer Programming,Kent Wilken and Jack Liu and Mark Heffernan,2000,10.1145/349299.349318,Proceedings of the ACM SIGPLAN Conference on Programming Language Design and Implementation,121--133,https://doi.org/10.1145/349299.349318,https://doi.org/10.1145/349299.349318,Publication metadata and published scope only; no theorem-level absence inference,metadata_or_abstract,False,Manual first-party publication/author-source cross-check; not an automatic DOI API audit,2026-10-04,No exhaustive novelty certification; third-party PDF not redistributed,sections/06-codesign.tex; sections/08-related.tex,,,,,
sittel-rational,article,Optimal and Heuristic Approaches to Modulo Scheduling with Rational Initiation Intervals in Hardware Synthesis,Patrick Sittel and Nicolai Fiege and John Wickerson and Peter Zipf,2022,10.1109/TCAD.2021.3060320,IEEE Transactions on Computer-Aided Design of Integrated Circuits and Systems,614--627,https://doi.org/10.1109/TCAD.2021.3060320,https://johnwickerson.github.io/papers/rationalII_TCAD21.pdf,Front matter and rational initiation interval formulation,technical_fulltext_passages,False,Manual first-party publication/author-source cross-check; not an automatic DOI API audit,2026-10-04,No exhaustive novelty certification; third-party PDF not redistributed,sections/06-codesign.tex; sections/08-related.tex,41,,,,
rau-registers,inproceedings,Register Allocation for Software Pipelined Loops,B. R. Rau and M. Lee and P. P. Tirumalai and M. S. Schlansker,1992,10.1145/143095.143141,Proceedings of the ACM SIGPLAN Conference on Programming Language Design and Implementation,283--299,https://doi.org/10.1145/143095.143141,https://doi.org/10.1145/143095.143141,Publication metadata and published scope only; no theorem-level absence inference,metadata_or_abstract,False,Manual first-party publication/author-source cross-check; not an automatic DOI API audit,2026-10-04,No exhaustive novelty certification; third-party PDF not redistributed,sections/06-codesign.tex; sections/08-related.tex,,,,,
zalamea-spill,inproceedings,Improved Spill Code Generation for Software Pipelined Loops,Javier Zalamea and Josep Llosa and Eduard Ayguad{\'e} and Mateo Valero,2000,10.1145/349299.349319,Proceedings of the ACM SIGPLAN Conference on Programming Language Design and Implementation,134--144,https://doi.org/10.1145/349299.349319,https://doi.org/10.1145/349299.349319,Publication metadata and published scope only; no theorem-level absence inference,metadata_or_abstract,False,Manual first-party publication/author-source cross-check; not an automatic DOI API audit,2026-10-04,No exhaustive novelty certification; third-party PDF not redistributed,sections/06-codesign.tex; sections/08-related.tex,,,,,
nagarakatte-spill,inproceedings,Register Allocation and Optimal Spill Code Scheduling in Software Pipelined Loops Using 0-1 Integer Linear Programming Formulation,Santosh G. Nagarakatte and R. Govindarajan,2007,10.1007/978-3-540-71229-9_9,Compiler Construction,126--140,https://doi.org/10.1007/978-3-540-71229-9_9,https://doi.org/10.1007/978-3-540-71229-9_9,Publication metadata and published scope only; no theorem-level absence inference,metadata_or_abstract,False,Manual first-party publication/author-source cross-check; not an automatic DOI API audit,2026-10-04,No exhaustive novelty certification; third-party PDF not redistributed,sections/06-codesign.tex; sections/08-related.tex,4420,,,,Lecture Notes in Computer Science
josipovic-buffers,article,Buffer Placement and Sizing for High-Performance Dataflow Circuits,Lana Josipovi{\'c} and Shabnam Sheikhha and Andrea Guerrieri and Paolo Ienne and Jordi Cortadella,2021,10.1145/3477053,ACM Transactions on Reconfigurable Technology and Systems,,https://doi.org/10.1145/3477053,https://dynamo.ethz.ch/wp-content/uploads/2022/06/Josipovic_TRETS21_BufferPlacementAndSizingForHighPerformanceDataflowCircuits.pdf,Buffering/MILP formulation and Section 6,technical_fulltext_passages,False,Manual first-party publication/author-source cross-check; not an automatic DOI API audit,2026-10-04,No exhaustive novelty certification; third-party PDF not redistributed,sections/06-codesign.tex; sections/08-related.tex,15,1,4,32,
cheng2021,inproceedings,Exploiting the Correlation between Dependence Distance and Latency in Loop Pipelining for {HLS},Jianyi Cheng and John Wickerson and George A. Constantinides,2021,10.1109/FPL53798.2021.00066,International Conference on Field-Programmable Logic and Applications,341--346,https://doi.org/10.1109/FPL53798.2021.00066,https://johnwickerson.github.io/papers/jianyi_fpl21.pdf,Front matter and dependence-distance/latency formulation,technical_fulltext_passages,False,Manual first-party publication/author-source cross-check; not an automatic DOI API audit,2026-10-04,No exhaustive novelty certification; third-party PDF not redistributed,sections/08-related.tex,,,,,
she2025,article,A Speculative Loop Pipeline Framework with Accurate Path Modeling for High-Level Synthesis,Yuhan She and Jierui Liu and Yanlong Huang and Ray C. C. Cheung and Hong Yan,2025,10.1145/3705732,ACM Transactions on Reconfigurable Technology and Systems,,https://doi.org/10.1145/3705732,https://scholars.cityu.edu.hk/en/publications/a-speculative-loop-pipeline-framework-with-accurate-path-modeling/,Institutional publication metadata and abstract; source-level path modeling and speculation scope only,metadata_or_abstract,False,Manual first-party publication/author-source cross-check; not an automatic DOI API audit,2026-10-04,No exhaustive novelty certification; third-party PDF not redistributed,sections/08-related.tex,18,2,17,,
roorda2026,misc,Optimal Software Pipelining using an SMT-Solver,Jan-Willem Roorda,2026,,arXiv:2601.21842; preprint,,https://arxiv.org/abs/2601.21842,https://arxiv.org/html/2601.21842v2,"Sections 1.8 and 2.2-2.5: UNSAT-core explanation, dependency/route constraints and register-pressure versus allocation distinction",technical_fulltext_passages,False,Manual first-party publication/author-source cross-check; not an automatic DOI API audit,2026-10-04,No exhaustive novelty certification; third-party PDF not redistributed,sections/08-related.tex,,,,,
huff1993,inproceedings,Lifetime-Sensitive Modulo Scheduling,Richard A. Huff,1993,10.1145/155090.155115,Proceedings of the ACM SIGPLAN Conference on Programming Language Design and Implementation,,https://dl.acm.org/doi/10.1145/155090.155115,https://iss.oden.utexas.edu/Publications/Papers/PLDI1993b.pdf,"Sections 1-3 and 5-7: bidirectional placement, rotating values, lifetime pressure and evaluation. No global optimum claim inferred from heuristic results.",technical_fulltext_passages,False,First-party publication and author-paper comparison using web access; not a DOI API or full-PDF-cache audit,2026-10-05,Only the stated technical passages were inspected; not counted as completed whole-paper calibration; third-party text/PDF not redistributed,sections/08-related.tex,,,,,
unison2019,article,Combinatorial Register Allocation and Instruction Scheduling,Roberto Castañeda Lozano and Mats Carlsson and Gabriel Hjort Blindell and Christian Schulte,2019,10.1145/3332373,ACM Transactions on Programming Languages and Systems,,https://unison-code.github.io/publications.html,https://arxiv.org/pdf/1804.02452,"Author version v5: introduction, model overview, allocation features and evaluation discussion. Integrated placement/allocation is broader than the present fixed-skeleton tagged banks.",technical_fulltext_passages,False,First-party publication and author-paper comparison using web access; not a DOI API or full-PDF-cache audit,2026-10-05,Only the stated technical passages were inspected; not counted as completed whole-paper calibration; third-party text/PDF not redistributed,sections/08-related.tex,,,,,
hauser1996,article,Handling Floating-Point Exceptions in Numeric Programs,John R. Hauser,1996,10.1145/227699.227701,ACM Transactions on Programming Languages and Systems,139--174,https://www.jhauser.us/exceptions.html,https://www.jhauser.us/publications/1996_Hauser_FloatingPointExceptions.pdf,Introduction and arithmetic-exception handling discussion: flags and alternate evaluation do not have this manuscript’s first-defined-fault observation contract.,technical_fulltext_passages,False,First-party publication and author-paper comparison using web access; not a DOI API or full-PDF-cache audit,2026-10-05,Only the stated technical passages were inspected; not counted as completed whole-paper calibration; third-party text/PDF not redistributed,sections/08-related.tex,18,2,,,
