boolean_atoms,candidates,truth_valuations,preparation_cpu_seconds,batches,calls_per_batch,median_selector_cpu_seconds,maximum_selector_cpu_seconds,median_selector_wall_seconds,serialized_predicate_characters
0,2,1,0.0,7,64,1.561335937500007e-05,3.127409374999992e-05,1.1393390624725441e-05,4
0,8,1,0.0,7,64,1.5626531250000075e-05,1.5636109374999804e-05,1.5983124999952025e-05,4
0,32,1,0.0,7,64,3.1260546875000114e-05,4.6871578124999674e-05,3.430309374996554e-05,4
2,2,4,0.0,7,64,3.124401562500014e-05,3.1314843749999724e-05,2.7131437500216293e-05,17
2,8,4,0.0,7,64,3.1262953124999715e-05,4.687337500000003e-05,3.6653484375204215e-05,112
2,32,4,0.0,7,64,6.250437500000035e-05,7.811787500000035e-05,6.441232812504083e-05,112
4,2,16,0.0,7,64,6.250034375000074e-05,7.813789062499979e-05,6.489551562482987e-05,17
4,8,16,0.0,7,64,9.372478125000035e-05,9.378450000000014e-05,8.693167187523443e-05,380
4,32,16,0.0,7,64,0.00014061012500000015,0.00014064732812500008,0.0001369985156247644,1072
6,2,64,0.0,7,64,0.00023436223437499955,0.00024999612499999966,0.00022893807812485178,17
6,8,64,0.0,7,64,0.000281236453125,0.00028127399999999976,0.0002745570624997917,380
6,32,64,0.0,7,64,0.0004218584374999987,0.0004375478593749999,0.0004220483125001451,2768
8,2,256,0.0010003610000000052,7,64,0.0009374653593750004,0.0009375082343750004,0.0009353933749998156,17
8,8,256,0.0009990570000000254,7,64,0.0010466716093749974,0.001046846968750001,0.001042154437500109,380
8,32,256,0.0,7,64,0.0014218522656249954,0.001484240890625002,0.0014278292812499593,2768
10,2,1024,0.000999826000000148,7,64,0.003968545625,0.004015464578124996,0.003978447312499966,17
10,8,1024,0.0010013769999996924,7,64,0.004436538453125,0.004515333203125013,0.004444883203125194,380
10,32,1024,0.0019993899999999343,7,64,0.005842346859375,0.005873850937500008,0.00583056785937508,2768
