release,tail_latency,ii,retire,minimum_cells,oracle_cells,annotation_assignments,export_time_tuples
0,3,1,4,5,5,16,25
0,3,2,4,2,2,16,100
0,3,3,4,2,2,16,100
0,3,4,4,0,0,16,256
0,3,5,4,0,0,16,256
0,7,1,8,5,5,16,81
0,7,2,8,5,5,16,81
0,7,3,8,3,3,16,162
0,7,4,8,2,2,16,324
0,7,5,8,2,2,16,324
0,7,6,8,2,2,16,324
0,7,7,8,2,2,16,324
0,7,8,8,0,0,16,784
0,7,9,8,0,0,16,784
2,3,1,6,5,5,16,49
2,3,2,6,2,2,16,196
2,3,3,6,2,2,16,196
2,3,4,6,0,0,16,484
2,3,5,6,0,0,16,484
2,3,6,6,0,0,16,484
2,3,7,6,0,0,16,484
2,7,1,10,5,5,16,121
2,7,2,10,5,5,16,121
2,7,3,10,3,3,16,242
2,7,4,10,2,2,16,484
2,7,5,10,2,2,16,484
2,7,6,10,2,2,16,484
2,7,7,10,2,2,16,484
2,7,8,10,0,0,16,1156
2,7,9,10,0,0,16,1156
2,7,10,10,0,0,16,1156
2,7,11,10,0,0,16,1156
