case,skeleton,operand_interface,resource,phase,time,retire,trip_count,expected,issued_occupancy,capacity,capacity_violation
case-000,recover,retired,div,0,0,2,1,1,1,1,False
case-000,recover,retired,move,0,0,2,1,2,2,1,True
case-000,recover,retired,move,1,1,2,1,2,2,1,True
case-000,recover,export,div,0,0,2,1,1,1,1,False
case-000,recover,export,move,0,0,2,1,2,2,1,True
case-000,recover,export,move,1,1,2,1,2,2,1,True
case-000,wait,retired,div,0,0,2,1,1,1,1,False
case-000,wait,retired,move,0,0,2,1,1,1,2,False
case-000,wait,retired,move,1,1,2,1,1,1,2,False
case-000,wait,export,div,0,0,2,1,1,1,1,False
case-000,wait,export,move,0,1,2,2,2,2,1,True
case-001,recover,retired,alu,0,2,7,2,2,2,1,True
case-001,recover,retired,alu,1,5,7,3,2,2,1,True
case-001,recover,retired,move,0,6,7,4,4,4,3,True
case-001,recover,retired,move,1,3,7,2,4,4,3,True
case-001,recover,export,alu,0,2,7,2,2,2,1,True
case-001,recover,export,alu,1,5,7,3,2,2,1,True
case-001,recover,export,move,0,6,7,4,4,4,3,True
case-001,recover,export,move,1,3,7,2,4,4,3,True
case-001,wait,retired,alu,0,5,7,6,2,2,1,True
case-001,wait,retired,move,0,6,7,7,4,4,3,True
case-001,wait,export,alu,0,5,7,6,2,2,1,True
case-001,wait,export,move,0,6,7,7,4,4,3,True
case-002,recover,retired,alu,0,0,13,1,1,1,1,False
case-002,recover,retired,alu,8,8,13,1,1,1,1,False
case-002,recover,retired,move,0,0,13,1,2,2,1,True
case-002,recover,retired,move,2,2,13,1,2,2,1,True
case-002,recover,retired,move,3,3,13,1,1,1,2,False
case-002,recover,retired,move,4,4,13,1,1,1,2,False
case-002,recover,retired,move,8,8,13,1,2,2,1,True
case-002,recover,retired,move,10,10,13,1,2,2,1,True
case-002,recover,retired,move,11,11,13,1,1,1,2,False
case-002,recover,retired,move,12,12,13,1,1,1,2,False
case-002,recover,export,alu,0,0,13,1,1,1,1,False
case-002,recover,export,alu,8,8,13,1,1,1,1,False
case-002,recover,export,move,0,0,13,1,2,2,1,True
case-002,recover,export,move,2,2,13,1,2,2,1,True
case-002,recover,export,move,3,3,13,1,1,1,2,False
case-002,recover,export,move,4,4,13,1,1,1,2,False
case-002,recover,export,move,8,8,13,1,2,2,1,True
case-002,recover,export,move,10,10,13,1,2,2,1,True
case-002,recover,export,move,11,11,13,1,1,1,2,False
case-002,recover,export,move,12,12,13,1,1,1,2,False
case-002,wait,retired,alu,3,8,13,2,1,1,1,False
case-002,wait,retired,move,0,10,13,3,2,2,1,True
case-002,wait,retired,move,1,11,13,3,1,1,2,False
case-002,wait,retired,move,2,12,13,3,1,1,2,False
case-002,wait,retired,move,3,8,13,2,2,2,1,True
case-002,wait,export,alu,3,8,13,2,1,1,1,False
case-002,wait,export,move,0,10,13,3,2,2,1,True
case-002,wait,export,move,1,11,13,3,1,1,2,False
case-002,wait,export,move,2,12,13,3,1,1,2,False
case-002,wait,export,move,3,8,13,2,2,2,1,True
case-003,wait,retired,alu,0,0,4,1,2,2,1,True
case-003,wait,retired,alu,2,2,4,1,1,1,2,False
case-003,wait,retired,move,0,3,4,2,3,3,2,True
case-003,wait,retired,move,1,1,4,1,3,3,2,True
case-003,wait,export,alu,0,0,4,1,2,2,1,True
case-003,wait,export,alu,2,2,4,1,1,1,2,False
case-003,wait,export,move,0,3,4,2,3,3,2,True
case-003,wait,export,move,1,1,4,1,3,3,2,True
case-006,wait,retired,alu,0,0,2,1,1,1,1,False
case-006,wait,retired,move,0,1,2,2,2,2,1,True
case-006,wait,export,alu,0,0,2,1,1,1,1,False
case-006,wait,export,move,0,1,2,2,2,2,1,True
case-007,recover,retired,alu,0,0,5,1,1,1,2,False
case-007,recover,retired,alu,1,3,5,2,1,1,2,False
case-007,recover,retired,move,0,4,5,3,3,3,2,True
case-007,recover,retired,move,1,3,5,2,3,3,2,True
case-007,recover,export,alu,0,0,5,1,1,1,2,False
case-007,recover,export,alu,1,3,5,2,1,1,2,False
case-007,recover,export,move,0,4,5,3,3,3,2,True
case-007,recover,export,move,1,3,5,2,3,3,2,True
case-007,wait,retired,alu,0,3,5,4,1,1,2,False
case-007,wait,retired,move,0,4,5,5,3,3,2,True
case-007,wait,export,alu,0,3,5,4,1,1,2,False
case-007,wait,export,move,0,4,5,5,3,3,2,True
case-009,recover,retired,alu,0,0,6,1,2,2,1,True
case-009,recover,retired,alu,4,4,6,1,2,2,1,True
case-009,recover,retired,div,2,2,6,1,2,2,1,True
case-009,recover,retired,move,0,0,6,1,4,4,3,True
case-009,recover,retired,move,1,1,6,1,4,4,3,True
case-009,recover,retired,move,3,3,6,1,2,2,1,True
case-009,recover,retired,move,5,5,6,1,2,2,1,True
case-009,recover,export,alu,0,0,6,1,2,2,1,True
case-009,recover,export,alu,4,4,6,1,2,2,1,True
case-009,recover,export,div,2,2,6,1,2,2,1,True
case-009,recover,export,move,0,0,6,1,4,4,3,True
case-009,recover,export,move,1,1,6,1,4,4,3,True
case-009,recover,export,move,3,3,6,1,2,2,1,True
case-009,recover,export,move,5,5,6,1,2,2,1,True
case-009,wait,retired,alu,0,4,6,3,2,2,1,True
case-009,wait,retired,div,0,2,6,2,1,1,2,False
case-009,wait,retired,move,0,0,6,1,2,2,1,True
case-009,wait,retired,move,1,5,6,3,4,4,3,True
case-009,wait,export,alu,0,4,6,3,2,2,1,True
case-009,wait,export,div,0,2,6,2,1,1,2,False
case-009,wait,export,move,0,0,6,1,2,2,1,True
case-009,wait,export,move,1,5,6,3,4,4,3,True
case-011,recover,retired,alu,0,0,20,1,1,1,2,False
case-011,recover,retired,alu,2,11,20,2,1,1,2,False
case-011,recover,retired,alu,3,3,20,1,1,1,2,False
case-011,recover,retired,alu,8,8,20,1,1,1,2,False
case-011,recover,retired,div,5,14,20,2,2,2,1,True
case-011,recover,retired,div,6,6,20,1,2,2,1,True
case-011,recover,retired,move,0,0,20,1,4,4,3,True
case-011,recover,retired,move,1,19,20,3,3,3,2,True
case-011,recover,retired,move,2,11,20,2,3,3,2,True
case-011,recover,retired,move,3,12,20,2,1,1,4,False
case-011,recover,retired,move,4,13,20,2,2,2,1,True
case-011,recover,retired,move,5,14,20,2,3,3,2,True
case-011,recover,retired,move,6,6,20,1,2,2,1,True
case-011,recover,retired,move,8,8,20,1,4,4,3,True
case-011,recover,export,alu,0,0,20,1,1,1,2,False
case-011,recover,export,alu,2,11,20,2,1,1,2,False
case-011,recover,export,alu,3,3,20,1,1,1,2,False
case-011,recover,export,alu,8,8,20,1,1,1,2,False
case-011,recover,export,div,5,14,20,2,2,2,1,True
case-011,recover,export,div,6,6,20,1,2,2,1,True
case-011,recover,export,move,0,0,20,1,4,4,3,True
case-011,recover,export,move,1,19,20,3,3,3,2,True
case-011,recover,export,move,2,11,20,2,3,3,2,True
case-011,recover,export,move,3,12,20,2,1,1,4,False
case-011,recover,export,move,4,13,20,2,2,2,1,True
case-011,recover,export,move,5,14,20,2,3,3,2,True
case-011,recover,export,move,6,6,20,1,2,2,1,True
case-011,recover,export,move,8,8,20,1,4,4,3,True
case-011,wait,retired,alu,1,8,20,2,1,1,2,False
case-011,wait,retired,alu,4,11,20,2,1,1,2,False
case-011,wait,retired,div,0,14,20,3,2,2,1,True
case-011,wait,retired,move,0,14,20,3,2,2,1,True
case-011,wait,retired,move,1,8,20,2,4,4,3,True
case-011,wait,retired,move,3,10,20,2,1,1,4,False
case-011,wait,retired,move,5,19,20,3,3,3,2,True
case-011,wait,retired,move,6,13,20,2,1,1,4,False
case-011,wait,export,alu,1,8,20,2,1,1,2,False
case-011,wait,export,alu,4,11,20,2,1,1,2,False
case-011,wait,export,div,0,14,20,3,2,2,1,True
case-011,wait,export,move,0,14,20,3,2,2,1,True
case-011,wait,export,move,1,8,20,2,4,4,3,True
case-011,wait,export,move,3,10,20,2,1,1,4,False
case-011,wait,export,move,5,19,20,3,3,3,2,True
case-011,wait,export,move,6,13,20,2,1,1,4,False
case-012,recover,retired,alu,0,0,2,1,1,1,1,False
case-012,recover,retired,move,0,0,2,1,2,2,1,True
case-012,recover,retired,move,1,1,2,1,2,2,1,True
case-012,recover,export,alu,0,0,2,1,1,1,1,False
case-012,recover,export,move,0,0,2,1,2,2,1,True
case-012,recover,export,move,1,1,2,1,2,2,1,True
case-012,wait,retired,alu,0,0,2,1,1,1,1,False
case-012,wait,retired,move,0,0,2,1,1,1,2,False
case-012,wait,retired,move,1,1,2,1,1,1,2,False
case-012,wait,export,alu,0,0,2,1,1,1,1,False
case-012,wait,export,move,0,1,2,2,2,2,1,True
case-013,recover,retired,alu,0,0,7,1,1,1,2,False
case-013,recover,retired,alu,1,3,7,2,1,1,2,False
case-013,recover,retired,move,0,6,7,4,4,4,3,True
case-013,recover,retired,move,1,5,7,3,4,4,3,True
case-013,recover,export,alu,0,0,7,1,1,1,2,False
case-013,recover,export,alu,1,3,7,2,1,1,2,False
case-013,recover,export,move,0,6,7,4,4,4,3,True
case-013,recover,export,move,1,5,7,3,4,4,3,True
case-013,wait,retired,alu,0,3,7,4,1,1,2,False
case-013,wait,retired,move,0,6,7,7,4,4,3,True
case-013,wait,export,alu,0,3,7,4,1,1,2,False
case-013,wait,export,move,0,6,7,7,4,4,3,True
case-015,recover,retired,alu,0,0,7,1,2,2,1,True
case-015,recover,retired,alu,5,5,7,1,2,2,1,True
case-015,recover,retired,div,0,0,7,1,2,2,1,True
case-015,recover,retired,div,3,3,7,1,2,2,1,True
case-015,recover,retired,move,0,0,7,1,3,3,2,True
case-015,recover,retired,move,1,1,7,1,2,2,1,True
case-015,recover,retired,move,2,2,7,1,2,2,1,True
case-015,recover,retired,move,3,3,7,1,2,2,1,True
case-015,recover,retired,move,4,4,7,1,2,2,1,True
case-015,recover,retired,move,6,6,7,1,2,2,1,True
case-015,recover,export,alu,0,0,7,1,2,2,1,True
case-015,recover,export,alu,5,5,7,1,2,2,1,True
case-015,recover,export,div,0,0,7,1,2,2,1,True
case-015,recover,export,div,3,3,7,1,2,2,1,True
case-015,recover,export,move,0,0,7,1,3,3,2,True
case-015,recover,export,move,1,1,7,1,2,2,1,True
case-015,recover,export,move,2,2,7,1,2,2,1,True
case-015,recover,export,move,3,3,7,1,2,2,1,True
case-015,recover,export,move,4,4,7,1,2,2,1,True
case-015,recover,export,move,6,6,7,1,2,2,1,True
case-015,wait,retired,alu,0,0,7,1,1,1,2,False
case-015,wait,retired,alu,2,5,7,2,1,1,2,False
case-015,wait,retired,div,0,3,7,2,2,2,1,True
case-015,wait,retired,move,0,6,7,3,4,4,3,True
case-015,wait,retired,move,1,4,7,2,2,2,1,True
case-015,wait,retired,move,2,2,7,1,1,1,4,False
case-015,wait,export,alu,0,0,7,1,1,1,2,False
case-015,wait,export,alu,2,5,7,2,1,1,2,False
case-015,wait,export,div,0,3,7,2,2,2,1,True
case-015,wait,export,move,0,6,7,3,4,4,3,True
case-015,wait,export,move,1,4,7,2,2,2,1,True
case-015,wait,export,move,2,2,7,1,1,1,4,False
case-017,recover,retired,alu,0,0,22,1,2,2,1,True
case-017,recover,retired,alu,8,8,22,1,2,2,1,True
case-017,recover,retired,div,0,10,22,2,2,2,1,True
case-017,recover,retired,div,2,2,22,1,1,1,2,False
case-017,recover,retired,div,8,8,22,1,1,1,2,False
case-017,recover,retired,move,0,0,22,1,3,3,2,True
case-017,recover,retired,move,1,21,22,3,4,4,3,True
case-017,recover,retired,move,3,13,22,2,2,2,1,True
case-017,recover,retired,move,5,15,22,2,2,2,1,True
case-017,recover,retired,move,7,7,22,1,1,1,4,False
case-017,recover,retired,move,8,8,22,1,3,3,2,True
case-017,recover,retired,move,9,9,22,1,3,3,2,True
case-017,recover,export,alu,0,0,22,1,2,2,1,True
case-017,recover,export,alu,8,8,22,1,2,2,1,True
case-017,recover,export,div,0,10,22,2,2,2,1,True
case-017,recover,export,div,2,2,22,1,1,1,2,False
case-017,recover,export,div,8,8,22,1,1,1,2,False
case-017,recover,export,move,0,0,22,1,3,3,2,True
case-017,recover,export,move,1,21,22,3,4,4,3,True
case-017,recover,export,move,3,13,22,2,2,2,1,True
case-017,recover,export,move,5,15,22,2,2,2,1,True
case-017,recover,export,move,7,7,22,1,1,1,4,False
case-017,recover,export,move,8,8,22,1,3,3,2,True
case-017,recover,export,move,9,9,22,1,3,3,2,True
case-017,wait,retired,alu,3,8,22,2,2,2,1,True
case-017,wait,retired,div,0,10,22,3,1,1,2,False
case-017,wait,retired,div,3,8,22,2,1,1,2,False
case-017,wait,retired,move,0,15,22,4,1,1,4,False
case-017,wait,retired,move,1,21,22,5,1,1,4,False
case-017,wait,retired,move,3,13,22,3,4,4,3,True
case-017,wait,retired,move,4,9,22,2,3,3,2,True
case-017,wait,export,alu,3,8,22,2,2,2,1,True
case-017,wait,export,div,0,10,22,3,1,1,2,False
case-017,wait,export,div,3,8,22,2,1,1,2,False
case-017,wait,export,move,0,15,22,4,1,1,4,False
case-017,wait,export,move,1,21,22,5,1,1,4,False
case-017,wait,export,move,3,13,22,3,4,4,3,True
case-017,wait,export,move,4,9,22,2,3,3,2,True
case-018,wait,retired,alu,0,0,2,1,1,1,1,False
case-018,wait,retired,move,0,1,2,2,2,2,1,True
case-018,wait,export,alu,0,0,2,1,1,1,1,False
case-018,wait,export,move,0,1,2,2,2,2,1,True
case-019,recover,retired,alu,0,0,6,1,1,1,2,False
case-019,recover,retired,alu,1,3,6,2,1,1,2,False
case-019,recover,retired,move,0,4,6,3,3,3,2,True
case-019,recover,retired,move,1,5,6,3,3,3,2,True
case-019,recover,export,alu,0,0,6,1,1,1,2,False
case-019,recover,export,alu,1,3,6,2,1,1,2,False
case-019,recover,export,move,0,4,6,3,3,3,2,True
case-019,recover,export,move,1,5,6,3,3,3,2,True
case-019,wait,retired,alu,0,3,6,4,1,1,2,False
case-019,wait,retired,move,0,5,6,6,3,3,2,True
case-019,wait,export,alu,0,3,6,4,1,1,2,False
case-019,wait,export,move,0,5,6,6,3,3,2,True
case-021,wait,retired,alu,0,3,7,2,2,2,1,True
case-021,wait,retired,alu,2,2,7,1,1,1,2,False
case-021,wait,retired,move,0,6,7,3,4,4,3,True
case-021,wait,retired,move,1,4,7,2,2,2,1,True
case-021,wait,retired,move,2,5,7,2,2,2,1,True
case-021,wait,export,alu,0,3,7,2,2,2,1,True
case-021,wait,export,alu,2,2,7,1,1,1,2,False
case-021,wait,export,move,0,6,7,3,4,4,3,True
case-021,wait,export,move,1,4,7,2,2,2,1,True
case-021,wait,export,move,2,5,7,2,2,2,1,True
case-023,recover,retired,alu,0,0,17,1,2,2,1,True
case-023,recover,retired,alu,8,8,17,1,2,2,1,True
case-023,recover,retired,div,2,11,17,2,1,1,2,False
case-023,recover,retired,div,3,3,17,1,1,1,2,False
case-023,recover,retired,move,0,9,17,2,4,4,3,True
case-023,recover,retired,move,1,10,17,2,3,3,2,True
case-023,recover,retired,move,2,11,17,2,3,3,2,True
case-023,recover,retired,move,3,3,17,1,1,1,4,False
case-023,recover,retired,move,4,13,17,2,1,1,4,False
case-023,recover,retired,move,5,14,17,2,2,2,1,True
case-023,recover,retired,move,6,15,17,2,2,2,1,True
case-023,recover,retired,move,7,16,17,2,2,2,1,True
case-023,recover,retired,move,8,8,17,1,4,4,3,True
case-023,recover,export,alu,0,0,17,1,2,2,1,True
case-023,recover,export,alu,8,8,17,1,2,2,1,True
case-023,recover,export,div,2,11,17,2,1,1,2,False
case-023,recover,export,div,3,3,17,1,1,1,2,False
case-023,recover,export,move,0,9,17,2,4,4,3,True
case-023,recover,export,move,1,10,17,2,3,3,2,True
case-023,recover,export,move,2,11,17,2,3,3,2,True
case-023,recover,export,move,3,3,17,1,1,1,4,False
case-023,recover,export,move,4,13,17,2,1,1,4,False
case-023,recover,export,move,5,14,17,2,2,2,1,True
case-023,recover,export,move,6,15,17,2,2,2,1,True
case-023,recover,export,move,7,16,17,2,2,2,1,True
case-023,recover,export,move,8,8,17,1,4,4,3,True
case-023,wait,retired,alu,0,8,17,3,2,2,1,True
case-023,wait,retired,div,3,11,17,3,1,1,2,False
case-023,wait,retired,move,0,16,17,5,4,4,3,True
case-023,wait,retired,move,1,13,17,4,2,2,1,True
case-023,wait,retired,move,2,14,17,4,3,3,2,True
case-023,wait,retired,move,3,15,17,4,2,2,1,True
case-023,wait,export,alu,0,8,17,3,2,2,1,True
case-023,wait,export,div,3,11,17,3,1,1,2,False
case-023,wait,export,move,0,16,17,5,4,4,3,True
case-023,wait,export,move,1,13,17,4,2,2,1,True
case-023,wait,export,move,2,14,17,4,3,3,2,True
case-023,wait,export,move,3,15,17,4,2,2,1,True
case-024,recover,retired,move,0,0,2,1,2,2,1,True
case-024,recover,retired,move,1,1,2,1,2,2,1,True
case-024,recover,export,move,0,0,2,1,2,2,1,True
case-024,recover,export,move,1,1,2,1,2,2,1,True
case-024,wait,retired,move,0,0,2,1,1,1,2,False
case-024,wait,retired,move,1,1,2,1,1,1,2,False
case-024,wait,export,move,0,1,2,2,2,2,1,True
case-025,recover,retired,alu,0,0,7,1,1,1,2,False
case-025,recover,retired,alu,1,3,7,2,1,1,2,False
case-025,recover,retired,div,0,0,7,1,1,1,2,False
case-025,recover,retired,div,1,3,7,2,1,1,2,False
case-025,recover,retired,move,0,6,7,4,3,3,2,True
case-025,recover,retired,move,1,5,7,3,3,3,2,True
case-025,recover,export,alu,0,0,7,1,1,1,2,False
case-025,recover,export,alu,1,3,7,2,1,1,2,False
case-025,recover,export,div,0,0,7,1,1,1,2,False
case-025,recover,export,div,1,3,7,2,1,1,2,False
case-025,recover,export,move,0,6,7,4,3,3,2,True
case-025,recover,export,move,1,5,7,3,3,3,2,True
case-025,wait,retired,alu,0,3,7,4,1,1,2,False
case-025,wait,retired,div,0,3,7,4,1,1,2,False
case-025,wait,retired,move,0,6,7,7,3,3,2,True
case-025,wait,export,alu,0,3,7,4,1,1,2,False
case-025,wait,export,div,0,3,7,4,1,1,2,False
case-025,wait,export,move,0,6,7,7,3,3,2,True
case-026,recover,retired,alu,0,0,13,1,1,1,1,False
case-026,recover,retired,alu,2,2,13,1,1,1,1,False
case-026,recover,retired,alu,8,8,13,1,1,1,1,False
case-026,recover,retired,alu,10,10,13,1,1,1,1,False
case-026,recover,retired,move,0,0,13,1,2,2,1,True
case-026,recover,retired,move,1,1,13,1,2,2,1,True
case-026,recover,retired,move,4,4,13,1,1,1,2,False
case-026,recover,retired,move,8,8,13,1,2,2,1,True
case-026,recover,retired,move,9,9,13,1,2,2,1,True
case-026,recover,retired,move,12,12,13,1,1,1,2,False
case-026,recover,export,alu,0,0,13,1,1,1,1,False
case-026,recover,export,alu,2,2,13,1,1,1,1,False
case-026,recover,export,alu,8,8,13,1,1,1,1,False
case-026,recover,export,alu,10,10,13,1,1,1,1,False
case-026,recover,export,move,0,0,13,1,2,2,1,True
case-026,recover,export,move,1,1,13,1,2,2,1,True
case-026,recover,export,move,4,4,13,1,1,1,2,False
case-026,recover,export,move,8,8,13,1,2,2,1,True
case-026,recover,export,move,9,9,13,1,2,2,1,True
case-026,recover,export,move,12,12,13,1,1,1,2,False
case-026,wait,retired,alu,0,10,13,3,1,1,1,False
case-026,wait,retired,alu,3,8,13,2,1,1,1,False
case-026,wait,retired,move,2,12,13,3,1,1,2,False
case-026,wait,retired,move,3,8,13,2,2,2,1,True
case-026,wait,retired,move,4,9,13,2,2,2,1,True
case-026,wait,export,alu,0,10,13,3,1,1,1,False
case-026,wait,export,alu,3,8,13,2,1,1,1,False
case-026,wait,export,move,2,12,13,3,1,1,2,False
case-026,wait,export,move,3,8,13,2,2,2,1,True
case-026,wait,export,move,4,9,13,2,2,2,1,True
case-027,wait,retired,alu,0,2,4,2,2,2,1,True
case-027,wait,retired,div,0,0,4,1,1,1,2,False
case-027,wait,retired,move,0,2,4,2,3,3,2,True
case-027,wait,retired,move,1,3,4,2,4,4,3,True
case-027,wait,export,alu,0,2,4,2,2,2,1,True
case-027,wait,export,div,0,0,4,1,1,1,2,False
case-027,wait,export,move,0,2,4,2,3,3,2,True
case-027,wait,export,move,1,3,4,2,4,4,3,True
case-029,recover,retired,alu,0,14,18,2,2,2,1,True
case-029,recover,retired,alu,2,2,18,1,2,2,1,True
case-029,recover,retired,alu,6,6,18,1,1,1,2,False
case-029,recover,retired,alu,8,8,18,1,1,1,2,False
case-029,recover,retired,alu,10,10,18,1,2,2,1,True
case-029,recover,retired,div,0,0,18,1,2,2,1,True
case-029,recover,retired,div,8,8,18,1,2,2,1,True
case-029,recover,retired,move,0,0,18,1,4,4,3,True
case-029,recover,retired,move,1,15,18,2,2,2,1,True
case-029,recover,retired,move,3,17,18,2,2,2,1,True
case-029,recover,retired,move,4,4,18,1,1,1,4,False
case-029,recover,retired,move,5,5,18,1,1,1,4,False
case-029,recover,retired,move,7,7,18,1,1,1,4,False
case-029,recover,retired,move,8,8,18,1,4,4,3,True
case-029,recover,retired,move,9,9,18,1,2,2,1,True
case-029,recover,retired,move,11,11,18,1,1,1,4,False
case-029,recover,retired,move,12,12,18,1,1,1,4,False
case-029,recover,retired,move,13,13,18,1,1,1,4,False
case-029,recover,export,alu,0,14,18,2,2,2,1,True
case-029,recover,export,alu,2,2,18,1,2,2,1,True
case-029,recover,export,alu,6,6,18,1,1,1,2,False
case-029,recover,export,alu,8,8,18,1,1,1,2,False
case-029,recover,export,alu,10,10,18,1,2,2,1,True
case-029,recover,export,div,0,0,18,1,2,2,1,True
case-029,recover,export,div,8,8,18,1,2,2,1,True
case-029,recover,export,move,0,0,18,1,4,4,3,True
case-029,recover,export,move,1,15,18,2,2,2,1,True
case-029,recover,export,move,3,17,18,2,2,2,1,True
case-029,recover,export,move,4,4,18,1,1,1,4,False
case-029,recover,export,move,5,5,18,1,1,1,4,False
case-029,recover,export,move,7,7,18,1,1,1,4,False
case-029,recover,export,move,8,8,18,1,4,4,3,True
case-029,recover,export,move,9,9,18,1,2,2,1,True
case-029,recover,export,move,11,11,18,1,1,1,4,False
case-029,recover,export,move,12,12,18,1,1,1,4,False
case-029,recover,export,move,13,13,18,1,1,1,4,False
case-029,wait,retired,alu,2,14,18,3,2,2,1,True
case-029,wait,retired,alu,4,10,18,2,2,2,1,True
case-029,wait,retired,div,2,8,18,2,2,2,1,True
case-029,wait,retired,move,0,12,18,3,1,1,4,False
case-029,wait,retired,move,1,13,18,3,1,1,4,False
case-029,wait,retired,move,2,8,18,2,4,4,3,True
case-029,wait,retired,move,3,15,18,3,2,2,1,True
case-029,wait,retired,move,5,17,18,3,2,2,1,True
case-029,wait,export,alu,2,14,18,3,2,2,1,True
case-029,wait,export,alu,4,10,18,2,2,2,1,True
case-029,wait,export,div,2,8,18,2,2,2,1,True
case-029,wait,export,move,0,12,18,3,1,1,4,False
case-029,wait,export,move,1,13,18,3,1,1,4,False
case-029,wait,export,move,2,8,18,2,4,4,3,True
case-029,wait,export,move,3,15,18,3,2,2,1,True
case-029,wait,export,move,5,17,18,3,2,2,1,True
case-030,wait,retired,alu,0,0,3,1,1,1,1,False
case-030,wait,retired,move,0,2,3,3,2,2,1,True
case-030,wait,export,alu,0,0,3,1,1,1,1,False
case-030,wait,export,move,0,2,3,3,2,2,1,True
case-031,recover,retired,alu,0,0,6,1,1,1,2,False
case-031,recover,retired,alu,1,3,6,2,1,1,2,False
case-031,recover,retired,move,0,4,6,3,3,3,2,True
case-031,recover,retired,move,1,5,6,3,3,3,2,True
case-031,recover,export,alu,0,0,6,1,1,1,2,False
case-031,recover,export,alu,1,3,6,2,1,1,2,False
case-031,recover,export,move,0,4,6,3,3,3,2,True
case-031,recover,export,move,1,5,6,3,3,3,2,True
case-031,wait,retired,alu,0,3,6,4,1,1,2,False
case-031,wait,retired,move,0,5,6,6,3,3,2,True
case-031,wait,export,alu,0,3,6,4,1,1,2,False
case-031,wait,export,move,0,5,6,6,3,3,2,True
case-032,recover,retired,alu,0,0,14,1,1,1,1,False
case-032,recover,retired,alu,2,2,14,1,1,1,1,False
case-032,recover,retired,alu,8,8,14,1,1,1,1,False
case-032,recover,retired,alu,10,10,14,1,1,1,1,False
case-032,recover,retired,div,0,0,14,1,1,1,1,False
case-032,recover,retired,div,8,8,14,1,1,1,1,False
case-032,recover,retired,move,0,0,14,1,2,2,1,True
case-032,recover,retired,move,1,13,14,2,2,2,1,True
case-032,recover,retired,move,2,2,14,1,1,1,2,False
case-032,recover,retired,move,3,3,14,1,1,1,2,False
case-032,recover,retired,move,5,5,14,1,1,1,2,False
case-032,recover,retired,move,8,8,14,1,2,2,1,True
case-032,recover,retired,move,9,9,14,1,1,1,2,False
case-032,recover,retired,move,10,10,14,1,1,1,2,False
case-032,recover,retired,move,11,11,14,1,1,1,2,False
case-032,recover,export,alu,0,0,14,1,1,1,1,False
case-032,recover,export,alu,2,2,14,1,1,1,1,False
case-032,recover,export,alu,8,8,14,1,1,1,1,False
case-032,recover,export,alu,10,10,14,1,1,1,1,False
case-032,recover,export,div,0,0,14,1,1,1,1,False
case-032,recover,export,div,8,8,14,1,1,1,1,False
case-032,recover,export,move,0,0,14,1,2,2,1,True
case-032,recover,export,move,1,13,14,2,2,2,1,True
case-032,recover,export,move,2,2,14,1,1,1,2,False
case-032,recover,export,move,3,3,14,1,1,1,2,False
case-032,recover,export,move,5,5,14,1,1,1,2,False
case-032,recover,export,move,8,8,14,1,2,2,1,True
case-032,recover,export,move,9,9,14,1,1,1,2,False
case-032,recover,export,move,10,10,14,1,1,1,2,False
case-032,recover,export,move,11,11,14,1,1,1,2,False
case-032,wait,retired,alu,0,8,14,3,1,1,1,False
case-032,wait,retired,alu,2,10,14,3,1,1,1,False
case-032,wait,retired,div,0,8,14,3,1,1,1,False
case-032,wait,retired,move,0,8,14,3,2,2,1,True
case-032,wait,retired,move,1,13,14,4,2,2,1,True
case-032,wait,retired,move,2,10,14,3,1,1,2,False
case-032,wait,retired,move,3,11,14,3,1,1,2,False
case-032,wait,export,alu,0,8,14,3,1,1,1,False
case-032,wait,export,alu,2,10,14,3,1,1,1,False
case-032,wait,export,div,0,8,14,3,1,1,1,False
case-032,wait,export,move,0,8,14,3,2,2,1,True
case-032,wait,export,move,1,13,14,4,2,2,1,True
case-032,wait,export,move,2,10,14,3,1,1,2,False
case-032,wait,export,move,3,11,14,3,1,1,2,False
case-033,wait,retired,alu,0,0,5,1,1,1,2,False
case-033,wait,retired,div,0,0,5,1,1,1,2,False
case-033,wait,retired,move,0,0,5,1,4,4,3,True
case-033,wait,retired,move,1,4,5,2,3,3,2,True
case-033,wait,retired,move,2,2,5,1,1,1,4,False
case-033,wait,export,alu,0,0,5,1,1,1,2,False
case-033,wait,export,div,0,0,5,1,1,1,2,False
case-033,wait,export,move,0,0,5,1,4,4,3,True
case-033,wait,export,move,1,4,5,2,3,3,2,True
case-033,wait,export,move,2,2,5,1,1,1,4,False
case-035,recover,retired,alu,0,0,16,1,2,2,1,True
case-035,recover,retired,alu,8,8,16,1,2,2,1,True
case-035,recover,retired,div,0,0,16,1,1,1,2,False
case-035,recover,retired,div,8,8,16,1,1,1,2,False
case-035,recover,retired,move,0,10,16,2,4,4,3,True
case-035,recover,retired,move,1,1,16,1,2,2,1,True
case-035,recover,retired,move,2,2,16,1,1,1,4,False
case-035,recover,retired,move,3,13,16,2,2,2,1,True
case-035,recover,retired,move,4,14,16,2,1,1,4,False
case-035,recover,retired,move,5,15,16,2,3,3,2,True
case-035,recover,retired,move,6,6,16,1,1,1,4,False
case-035,recover,retired,move,7,7,16,1,1,1,4,False
case-035,recover,retired,move,8,8,16,1,3,3,2,True
case-035,recover,retired,move,9,9,16,1,2,2,1,True
case-035,recover,export,alu,0,0,16,1,2,2,1,True
case-035,recover,export,alu,8,8,16,1,2,2,1,True
case-035,recover,export,div,0,0,16,1,1,1,2,False
case-035,recover,export,div,8,8,16,1,1,1,2,False
case-035,recover,export,move,0,10,16,2,4,4,3,True
case-035,recover,export,move,1,1,16,1,2,2,1,True
case-035,recover,export,move,2,2,16,1,1,1,4,False
case-035,recover,export,move,3,13,16,2,2,2,1,True
case-035,recover,export,move,4,14,16,2,1,1,4,False
case-035,recover,export,move,5,15,16,2,3,3,2,True
case-035,recover,export,move,6,6,16,1,1,1,4,False
case-035,recover,export,move,7,7,16,1,1,1,4,False
case-035,recover,export,move,8,8,16,1,3,3,2,True
case-035,recover,export,move,9,9,16,1,2,2,1,True
case-035,wait,retired,alu,2,8,16,3,2,2,1,True
case-035,wait,retired,div,2,8,16,3,1,1,2,False
case-035,wait,retired,move,0,15,16,6,3,3,2,True
case-035,wait,retired,move,1,13,16,5,3,3,2,True
case-035,wait,retired,move,2,14,16,5,4,4,3,True
case-035,wait,export,alu,2,8,16,3,2,2,1,True
case-035,wait,export,div,2,8,16,3,1,1,2,False
case-035,wait,export,move,0,15,16,6,3,3,2,True
case-035,wait,export,move,1,13,16,5,3,3,2,True
case-035,wait,export,move,2,14,16,5,4,4,3,True
case-036,wait,retired,alu,0,0,2,1,1,1,1,False
case-036,wait,retired,move,0,1,2,2,1,1,2,False
case-036,wait,export,alu,0,0,2,1,1,1,1,False
case-036,wait,export,move,0,1,2,2,1,1,2,False
case-037,recover,retired,alu,0,0,7,1,1,1,2,False
case-037,recover,retired,alu,1,3,7,2,1,1,2,False
case-037,recover,retired,move,0,6,7,4,4,4,3,True
case-037,recover,retired,move,1,5,7,3,4,4,3,True
case-037,recover,export,alu,0,0,7,1,1,1,2,False
case-037,recover,export,alu,1,3,7,2,1,1,2,False
case-037,recover,export,move,0,6,7,4,4,4,3,True
case-037,recover,export,move,1,5,7,3,4,4,3,True
case-037,wait,retired,alu,0,3,7,4,1,1,2,False
case-037,wait,retired,move,0,6,7,7,4,4,3,True
case-037,wait,export,alu,0,3,7,4,1,1,2,False
case-037,wait,export,move,0,6,7,7,4,4,3,True
case-038,recover,retired,alu,0,0,14,1,1,1,1,False
case-038,recover,retired,alu,1,8,14,2,1,1,1,False
case-038,recover,retired,alu,2,2,14,1,1,1,1,False
case-038,recover,retired,alu,3,10,14,2,1,1,1,False
case-038,recover,retired,div,0,0,14,1,1,1,1,False
case-038,recover,retired,div,1,8,14,2,1,1,1,False
case-038,recover,retired,move,0,0,14,1,1,1,2,False
case-038,recover,retired,move,1,8,14,2,2,2,1,True
case-038,recover,retired,move,2,9,14,2,2,2,1,True
case-038,recover,retired,move,3,10,14,2,2,2,1,True
case-038,recover,retired,move,4,11,14,2,1,1,2,False
case-038,recover,retired,move,5,5,14,1,1,1,2,False
case-038,recover,retired,move,6,13,14,2,1,1,2,False
case-038,recover,export,alu,0,0,14,1,1,1,1,False
case-038,recover,export,alu,1,8,14,2,1,1,1,False
case-038,recover,export,alu,2,2,14,1,1,1,1,False
case-038,recover,export,alu,3,10,14,2,1,1,1,False
case-038,recover,export,div,0,0,14,1,1,1,1,False
case-038,recover,export,div,1,8,14,2,1,1,1,False
case-038,recover,export,move,0,0,14,1,1,1,2,False
case-038,recover,export,move,1,8,14,2,2,2,1,True
case-038,recover,export,move,2,9,14,2,2,2,1,True
case-038,recover,export,move,3,10,14,2,2,2,1,True
case-038,recover,export,move,4,11,14,2,1,1,2,False
case-038,recover,export,move,5,5,14,1,1,1,2,False
case-038,recover,export,move,6,13,14,2,1,1,2,False
case-038,wait,retired,alu,1,10,14,4,1,1,1,False
case-038,wait,retired,alu,2,8,14,3,1,1,1,False
case-038,wait,retired,div,2,8,14,3,1,1,1,False
case-038,wait,retired,move,0,9,14,4,1,1,2,False
case-038,wait,retired,move,1,13,14,5,2,2,1,True
case-038,wait,retired,move,2,11,14,4,2,2,1,True
case-038,wait,export,alu,1,10,14,4,1,1,1,False
case-038,wait,export,alu,2,8,14,3,1,1,1,False
case-038,wait,export,div,2,8,14,3,1,1,1,False
case-038,wait,export,move,0,9,14,4,1,1,2,False
case-038,wait,export,move,1,13,14,5,2,2,1,True
case-038,wait,export,move,2,11,14,4,2,2,1,True
case-039,recover,retired,alu,0,0,6,1,2,2,1,True
case-039,recover,retired,alu,4,4,6,1,2,2,1,True
case-039,recover,retired,move,0,0,6,1,4,4,3,True
case-039,recover,retired,move,1,1,6,1,2,2,1,True
case-039,recover,retired,move,2,2,6,1,4,4,3,True
case-039,recover,retired,move,3,3,6,1,2,2,1,True
case-039,recover,retired,move,5,5,6,1,2,2,1,True
case-039,recover,export,alu,0,0,6,1,2,2,1,True
case-039,recover,export,alu,4,4,6,1,2,2,1,True
case-039,recover,export,move,0,0,6,1,4,4,3,True
case-039,recover,export,move,1,1,6,1,2,2,1,True
case-039,recover,export,move,2,2,6,1,4,4,3,True
case-039,recover,export,move,3,3,6,1,2,2,1,True
case-039,recover,export,move,5,5,6,1,2,2,1,True
case-039,wait,retired,alu,0,4,6,3,2,2,1,True
case-039,wait,retired,move,0,2,6,2,4,4,3,True
case-039,wait,retired,move,1,5,6,3,3,3,2,True
case-039,wait,export,alu,0,4,6,3,2,2,1,True
case-039,wait,export,move,0,2,6,2,4,4,3,True
case-039,wait,export,move,1,5,6,3,3,3,2,True
case-041,recover,retired,alu,0,0,27,1,1,1,2,False
case-041,recover,retired,alu,7,18,27,2,1,1,2,False
case-041,recover,retired,alu,8,8,27,1,1,1,2,False
case-041,recover,retired,alu,10,10,27,1,1,1,2,False
case-041,recover,retired,div,0,0,27,1,1,1,2,False
case-041,recover,retired,div,2,13,27,2,2,2,1,True
case-041,recover,retired,div,8,8,27,1,1,1,2,False
case-041,recover,retired,div,10,21,27,2,2,2,1,True
case-041,recover,retired,move,0,0,27,1,4,4,3,True
case-041,recover,retired,move,1,12,27,2,2,2,1,True
case-041,recover,retired,move,2,13,27,2,1,1,4,False
case-041,recover,retired,move,4,26,27,3,2,2,1,True
case-041,recover,retired,move,5,16,27,2,2,2,1,True
case-041,recover,retired,move,6,17,27,2,1,1,4,False
case-041,recover,retired,move,7,18,27,2,2,2,1,True
case-041,recover,retired,move,8,8,27,1,4,4,3,True
case-041,recover,retired,move,9,20,27,2,3,3,2,True
case-041,recover,export,alu,0,0,27,1,1,1,2,False
case-041,recover,export,alu,7,18,27,2,1,1,2,False
case-041,recover,export,alu,8,8,27,1,1,1,2,False
case-041,recover,export,alu,10,10,27,1,1,1,2,False
case-041,recover,export,div,0,0,27,1,1,1,2,False
case-041,recover,export,div,2,13,27,2,2,2,1,True
case-041,recover,export,div,8,8,27,1,1,1,2,False
case-041,recover,export,div,10,21,27,2,2,2,1,True
case-041,recover,export,move,0,0,27,1,4,4,3,True
case-041,recover,export,move,1,12,27,2,2,2,1,True
case-041,recover,export,move,2,13,27,2,1,1,4,False
case-041,recover,export,move,4,26,27,3,2,2,1,True
case-041,recover,export,move,5,16,27,2,2,2,1,True
case-041,recover,export,move,6,17,27,2,1,1,4,False
case-041,recover,export,move,7,18,27,2,2,2,1,True
case-041,recover,export,move,8,8,27,1,4,4,3,True
case-041,recover,export,move,9,20,27,2,3,3,2,True
case-041,wait,retired,alu,8,18,27,2,2,2,1,True
case-041,wait,retired,div,0,10,27,2,1,1,2,False
case-041,wait,retired,div,1,21,27,3,1,1,2,False
case-041,wait,retired,div,8,8,27,1,1,1,2,False
case-041,wait,retired,move,0,20,27,3,1,1,4,False
case-041,wait,retired,move,3,13,27,2,1,1,4,False
case-041,wait,retired,move,5,15,27,2,1,1,4,False
case-041,wait,retired,move,6,26,27,3,2,2,1,True
case-041,wait,retired,move,7,17,27,2,1,1,4,False
case-041,wait,retired,move,8,8,27,1,4,4,3,True
case-041,wait,retired,move,9,9,27,1,1,1,4,False
case-041,wait,export,alu,8,18,27,2,2,2,1,True
case-041,wait,export,div,0,10,27,2,1,1,2,False
case-041,wait,export,div,1,21,27,3,1,1,2,False
case-041,wait,export,div,8,8,27,1,1,1,2,False
case-041,wait,export,move,0,20,27,3,1,1,4,False
case-041,wait,export,move,3,13,27,2,1,1,4,False
case-041,wait,export,move,5,15,27,2,1,1,4,False
case-041,wait,export,move,6,26,27,3,2,2,1,True
case-041,wait,export,move,7,17,27,2,1,1,4,False
case-041,wait,export,move,8,8,27,1,4,4,3,True
case-041,wait,export,move,9,9,27,1,1,1,4,False
case-042,recover,retired,alu,0,0,2,1,1,1,1,False
case-042,recover,retired,move,0,0,2,1,2,2,1,True
case-042,recover,retired,move,1,1,2,1,2,2,1,True
case-042,recover,export,alu,0,0,2,1,1,1,1,False
case-042,recover,export,move,0,0,2,1,2,2,1,True
case-042,recover,export,move,1,1,2,1,2,2,1,True
case-042,wait,retired,alu,0,0,2,1,1,1,1,False
case-042,wait,retired,move,0,1,2,2,2,2,1,True
case-042,wait,export,alu,0,0,2,1,1,1,1,False
case-042,wait,export,move,0,1,2,2,2,2,1,True
case-043,recover,retired,alu,0,0,5,1,1,1,2,False
case-043,recover,retired,alu,1,3,5,2,1,1,2,False
case-043,recover,retired,move,0,4,5,3,3,3,2,True
case-043,recover,retired,move,1,3,5,2,3,3,2,True
case-043,recover,export,alu,0,0,5,1,1,1,2,False
case-043,recover,export,alu,1,3,5,2,1,1,2,False
case-043,recover,export,move,0,4,5,3,3,3,2,True
case-043,recover,export,move,1,3,5,2,3,3,2,True
case-043,wait,retired,alu,0,3,5,4,1,1,2,False
case-043,wait,retired,move,0,4,5,5,3,3,2,True
case-043,wait,export,alu,0,3,5,4,1,1,2,False
case-043,wait,export,move,0,4,5,5,3,3,2,True
case-048,wait,retired,alu,0,0,3,1,1,1,1,False
case-048,wait,retired,move,0,0,3,1,1,1,2,False
case-048,wait,retired,move,2,2,3,1,1,1,2,False
case-048,wait,export,alu,0,0,3,1,1,1,1,False
case-048,wait,export,move,0,2,3,2,2,2,1,True
case-049,recover,retired,alu,0,0,5,1,1,1,2,False
case-049,recover,retired,alu,1,3,5,2,1,1,2,False
case-049,recover,retired,move,0,4,5,3,3,3,2,True
case-049,recover,retired,move,1,3,5,2,3,3,2,True
case-049,recover,export,alu,0,0,5,1,1,1,2,False
case-049,recover,export,alu,1,3,5,2,1,1,2,False
case-049,recover,export,move,0,4,5,3,3,3,2,True
case-049,recover,export,move,1,3,5,2,3,3,2,True
case-049,wait,retired,alu,0,3,5,4,1,1,2,False
case-049,wait,retired,move,0,4,5,5,3,3,2,True
case-049,wait,export,alu,0,3,5,4,1,1,2,False
case-049,wait,export,move,0,4,5,5,3,3,2,True
case-054,wait,retired,div,0,0,2,1,1,1,1,False
case-054,wait,retired,move,0,1,2,2,2,2,1,True
case-054,wait,export,div,0,0,2,1,1,1,1,False
case-054,wait,export,move,0,1,2,2,2,2,1,True
case-055,recover,retired,alu,0,0,8,1,1,1,2,False
case-055,recover,retired,alu,1,3,8,2,1,1,2,False
case-055,recover,retired,move,0,4,8,3,4,4,3,True
case-055,recover,retired,move,1,7,8,4,4,4,3,True
case-055,recover,export,alu,0,0,8,1,1,1,2,False
case-055,recover,export,alu,1,3,8,2,1,1,2,False
case-055,recover,export,move,0,4,8,3,4,4,3,True
case-055,recover,export,move,1,7,8,4,4,4,3,True
case-055,wait,retired,alu,0,3,8,4,1,1,2,False
case-055,wait,retired,move,0,7,8,8,4,4,3,True
case-055,wait,export,alu,0,3,8,4,1,1,2,False
case-055,wait,export,move,0,7,8,8,4,4,3,True
case-056,recover,retired,alu,0,0,14,1,1,1,1,False
case-056,recover,retired,alu,2,8,14,2,1,1,1,False
case-056,recover,retired,move,0,12,14,3,2,2,1,True
case-056,recover,retired,move,1,13,14,3,2,2,1,True
case-056,recover,retired,move,2,8,14,2,1,1,2,False
case-056,recover,retired,move,3,9,14,2,2,2,1,True
case-056,recover,retired,move,4,4,14,1,1,1,2,False
case-056,recover,retired,move,5,11,14,2,2,2,1,True
case-056,recover,export,alu,0,0,14,1,1,1,1,False
case-056,recover,export,alu,2,8,14,2,1,1,1,False
case-056,recover,export,move,0,12,14,3,2,2,1,True
case-056,recover,export,move,1,13,14,3,2,2,1,True
case-056,recover,export,move,2,8,14,2,1,1,2,False
case-056,recover,export,move,3,9,14,2,2,2,1,True
case-056,recover,export,move,4,4,14,1,1,1,2,False
case-056,recover,export,move,5,11,14,2,2,2,1,True
case-056,wait,retired,alu,2,8,14,3,1,1,1,False
case-056,wait,retired,move,0,12,14,5,2,2,1,True
case-056,wait,retired,move,1,13,14,5,1,1,2,False
case-056,wait,retired,move,2,11,14,4,2,2,1,True
case-056,wait,export,alu,2,8,14,3,1,1,1,False
case-056,wait,export,move,0,12,14,5,2,2,1,True
case-056,wait,export,move,1,13,14,5,1,1,2,False
case-056,wait,export,move,2,11,14,4,2,2,1,True
case-057,wait,retired,alu,0,0,2,1,2,2,1,True
case-057,wait,retired,div,0,0,2,1,1,1,2,False
case-057,wait,retired,move,0,0,2,1,2,2,1,True
case-057,wait,retired,move,1,1,2,1,4,4,3,True
case-057,wait,export,alu,0,0,2,1,2,2,1,True
case-057,wait,export,div,0,0,2,1,1,1,2,False
case-057,wait,export,move,0,0,2,1,2,2,1,True
case-057,wait,export,move,1,1,2,1,4,4,3,True
case-060,wait,retired,alu,0,0,3,1,1,1,1,False
case-060,wait,retired,move,0,2,3,3,1,1,2,False
case-060,wait,export,alu,0,0,3,1,1,1,1,False
case-060,wait,export,move,0,2,3,3,1,1,2,False
case-061,recover,retired,move,0,4,5,3,4,4,3,True
case-061,recover,retired,move,1,3,5,2,4,4,3,True
case-061,recover,export,move,0,4,5,3,4,4,3,True
case-061,recover,export,move,1,3,5,2,4,4,3,True
case-061,wait,retired,move,0,4,5,5,4,4,3,True
case-061,wait,export,move,0,4,5,5,4,4,3,True
case-063,recover,retired,alu,0,0,4,1,2,2,1,True
case-063,recover,retired,alu,2,2,4,1,1,1,2,False
case-063,recover,retired,div,2,2,4,1,2,2,1,True
case-063,recover,retired,move,0,0,4,1,4,4,3,True
case-063,recover,retired,move,1,1,4,1,2,2,1,True
case-063,recover,retired,move,2,2,4,1,4,4,3,True
case-063,recover,retired,move,3,3,4,1,4,4,3,True
case-063,recover,export,alu,0,0,4,1,2,2,1,True
case-063,recover,export,alu,2,2,4,1,1,1,2,False
case-063,recover,export,div,2,2,4,1,2,2,1,True
case-063,recover,export,move,0,0,4,1,4,4,3,True
case-063,recover,export,move,1,1,4,1,2,2,1,True
case-063,recover,export,move,2,2,4,1,4,4,3,True
case-063,recover,export,move,3,3,4,1,4,4,3,True
case-063,wait,retired,alu,0,2,4,2,2,2,1,True
case-063,wait,retired,div,0,2,4,2,1,1,2,False
case-063,wait,retired,move,0,2,4,2,4,4,3,True
case-063,wait,retired,move,1,3,4,2,3,3,2,True
case-063,wait,export,alu,0,2,4,2,2,2,1,True
case-063,wait,export,div,0,2,4,2,1,1,2,False
case-063,wait,export,move,0,2,4,2,4,4,3,True
case-063,wait,export,move,1,3,4,2,3,3,2,True
case-065,recover,retired,alu,0,0,18,1,1,1,2,False
case-065,recover,retired,alu,2,8,18,2,2,2,1,True
case-065,recover,retired,alu,3,3,18,1,1,1,2,False
case-065,recover,retired,alu,4,16,18,3,1,1,2,False
case-065,recover,retired,alu,5,11,18,2,1,1,2,False
case-065,recover,retired,div,0,0,18,1,1,1,2,False
case-065,recover,retired,div,2,8,18,2,2,2,1,True
case-065,recover,retired,div,4,10,18,2,1,1,2,False
case-065,recover,retired,move,0,12,18,3,4,4,3,True
case-065,recover,retired,move,1,13,18,3,3,3,2,True
case-065,recover,retired,move,2,8,18,2,4,4,3,True
case-065,recover,retired,move,3,15,18,3,3,3,2,True
case-065,recover,retired,move,4,10,18,2,2,2,1,True
case-065,recover,retired,move,5,17,18,3,2,2,1,True
case-065,recover,export,alu,0,0,18,1,1,1,2,False
case-065,recover,export,alu,2,8,18,2,2,2,1,True
case-065,recover,export,alu,3,3,18,1,1,1,2,False
case-065,recover,export,alu,4,16,18,3,1,1,2,False
case-065,recover,export,alu,5,11,18,2,1,1,2,False
case-065,recover,export,div,0,0,18,1,1,1,2,False
case-065,recover,export,div,2,8,18,2,2,2,1,True
case-065,recover,export,div,4,10,18,2,1,1,2,False
case-065,recover,export,move,0,12,18,3,4,4,3,True
case-065,recover,export,move,1,13,18,3,3,3,2,True
case-065,recover,export,move,2,8,18,2,4,4,3,True
case-065,recover,export,move,3,15,18,3,3,3,2,True
case-065,recover,export,move,4,10,18,2,2,2,1,True
case-065,recover,export,move,5,17,18,3,2,2,1,True
case-065,wait,retired,alu,1,16,18,6,1,1,2,False
case-065,wait,retired,alu,2,11,18,4,2,2,1,True
case-065,wait,retired,div,1,10,18,4,1,1,2,False
case-065,wait,retired,div,2,8,18,3,1,1,2,False
case-065,wait,retired,move,0,15,18,6,3,3,2,True
case-065,wait,retired,move,1,13,18,5,2,2,1,True
case-065,wait,retired,move,2,17,18,6,4,4,3,True
case-065,wait,export,alu,1,16,18,6,1,1,2,False
case-065,wait,export,alu,2,11,18,4,2,2,1,True
case-065,wait,export,div,1,10,18,4,1,1,2,False
case-065,wait,export,div,2,8,18,3,1,1,2,False
case-065,wait,export,move,0,15,18,6,3,3,2,True
case-065,wait,export,move,1,13,18,5,2,2,1,True
case-065,wait,export,move,2,17,18,6,4,4,3,True
case-066,wait,retired,alu,0,0,3,1,1,1,1,False
case-066,wait,retired,move,0,2,3,3,2,2,1,True
case-066,wait,export,alu,0,0,3,1,1,1,1,False
case-066,wait,export,move,0,2,3,3,2,2,1,True
case-067,recover,retired,alu,0,0,6,1,1,1,2,False
case-067,recover,retired,alu,1,3,6,2,1,1,2,False
case-067,recover,retired,move,0,4,6,3,3,3,2,True
case-067,recover,retired,move,1,5,6,3,3,3,2,True
case-067,recover,export,alu,0,0,6,1,1,1,2,False
case-067,recover,export,alu,1,3,6,2,1,1,2,False
case-067,recover,export,move,0,4,6,3,3,3,2,True
case-067,recover,export,move,1,5,6,3,3,3,2,True
case-067,wait,retired,alu,0,3,6,4,1,1,2,False
case-067,wait,retired,move,0,5,6,6,3,3,2,True
case-067,wait,export,alu,0,3,6,4,1,1,2,False
case-067,wait,export,move,0,5,6,6,3,3,2,True
case-068,recover,retired,alu,0,0,16,1,1,1,1,False
case-068,recover,retired,alu,5,14,16,2,1,1,1,False
case-068,recover,retired,alu,6,6,16,1,1,1,1,False
case-068,recover,retired,alu,8,8,16,1,1,1,1,False
case-068,recover,retired,div,0,0,16,1,1,1,1,False
case-068,recover,retired,div,8,8,16,1,1,1,1,False
case-068,recover,retired,move,0,9,16,2,2,2,1,True
case-068,recover,retired,move,1,1,16,1,1,1,2,False
case-068,recover,retired,move,4,13,16,2,1,1,2,False
case-068,recover,retired,move,5,5,16,1,1,1,2,False
case-068,recover,retired,move,6,15,16,2,1,1,2,False
case-068,recover,retired,move,7,7,16,1,1,1,2,False
case-068,recover,retired,move,8,8,16,1,1,1,2,False
case-068,recover,export,alu,0,0,16,1,1,1,1,False
case-068,recover,export,alu,5,14,16,2,1,1,1,False
case-068,recover,export,alu,6,6,16,1,1,1,1,False
case-068,recover,export,alu,8,8,16,1,1,1,1,False
case-068,recover,export,div,0,0,16,1,1,1,1,False
case-068,recover,export,div,8,8,16,1,1,1,1,False
case-068,recover,export,move,0,9,16,2,2,2,1,True
case-068,recover,export,move,1,1,16,1,1,1,2,False
case-068,recover,export,move,4,13,16,2,1,1,2,False
case-068,recover,export,move,5,5,16,1,1,1,2,False
case-068,recover,export,move,6,15,16,2,1,1,2,False
case-068,recover,export,move,7,7,16,1,1,1,2,False
case-068,recover,export,move,8,8,16,1,1,1,2,False
case-068,wait,retired,alu,0,8,16,3,1,1,1,False
case-068,wait,retired,alu,2,14,16,4,1,1,1,False
case-068,wait,retired,div,0,8,16,3,1,1,1,False
case-068,wait,retired,move,0,8,16,3,1,1,2,False
case-068,wait,retired,move,1,13,16,4,2,2,1,True
case-068,wait,retired,move,3,15,16,4,1,1,2,False
case-068,wait,export,alu,0,8,16,3,1,1,1,False
case-068,wait,export,alu,2,14,16,4,1,1,1,False
case-068,wait,export,div,0,8,16,3,1,1,1,False
case-068,wait,export,move,0,8,16,3,1,1,2,False
case-068,wait,export,move,1,13,16,4,2,2,1,True
case-068,wait,export,move,3,15,16,4,1,1,2,False
case-071,recover,retired,alu,0,0,15,1,2,2,1,True
case-071,recover,retired,alu,2,2,15,1,2,2,1,True
case-071,recover,retired,alu,8,8,15,1,2,2,1,True
case-071,recover,retired,alu,10,10,15,1,2,2,1,True
case-071,recover,retired,move,0,0,15,1,2,2,1,True
case-071,recover,retired,move,1,12,15,2,3,3,2,True
case-071,recover,retired,move,2,13,15,2,2,2,1,True
case-071,recover,retired,move,3,14,15,2,3,3,2,True
case-071,recover,retired,move,4,4,15,1,1,1,4,False
case-071,recover,retired,move,5,5,15,1,2,2,1,True
case-071,recover,retired,move,6,6,15,1,3,3,2,True
case-071,recover,retired,move,8,8,15,1,2,2,1,True
case-071,recover,retired,move,9,9,15,1,2,2,1,True
case-071,recover,export,alu,0,0,15,1,2,2,1,True
case-071,recover,export,alu,2,2,15,1,2,2,1,True
case-071,recover,export,alu,8,8,15,1,2,2,1,True
case-071,recover,export,alu,10,10,15,1,2,2,1,True
case-071,recover,export,move,0,0,15,1,2,2,1,True
case-071,recover,export,move,1,12,15,2,3,3,2,True
case-071,recover,export,move,2,13,15,2,2,2,1,True
case-071,recover,export,move,3,14,15,2,3,3,2,True
case-071,recover,export,move,4,4,15,1,1,1,4,False
case-071,recover,export,move,5,5,15,1,2,2,1,True
case-071,recover,export,move,6,6,15,1,3,3,2,True
case-071,recover,export,move,8,8,15,1,2,2,1,True
case-071,recover,export,move,9,9,15,1,2,2,1,True
case-071,wait,retired,alu,0,8,15,3,2,2,1,True
case-071,wait,retired,alu,2,10,15,3,2,2,1,True
case-071,wait,retired,move,0,12,15,4,3,3,2,True
case-071,wait,retired,move,1,13,15,4,4,4,3,True
case-071,wait,retired,move,2,14,15,4,3,3,2,True
case-071,wait,export,alu,0,8,15,3,2,2,1,True
case-071,wait,export,alu,2,10,15,3,2,2,1,True
case-071,wait,export,move,0,12,15,4,3,3,2,True
case-071,wait,export,move,1,13,15,4,4,4,3,True
case-071,wait,export,move,2,14,15,4,3,3,2,True
case-072,recover,retired,move,0,0,2,1,2,2,1,True
case-072,recover,retired,move,1,1,2,1,2,2,1,True
case-072,recover,export,move,0,0,2,1,2,2,1,True
case-072,recover,export,move,1,1,2,1,2,2,1,True
case-072,wait,retired,move,0,1,2,2,2,2,1,True
case-072,wait,export,move,0,1,2,2,2,2,1,True
case-073,recover,retired,div,0,0,7,1,1,1,2,False
case-073,recover,retired,div,1,3,7,2,1,1,2,False
case-073,recover,retired,move,0,6,7,4,3,3,2,True
case-073,recover,retired,move,1,3,7,2,3,3,2,True
case-073,recover,export,div,0,0,7,1,1,1,2,False
case-073,recover,export,div,1,3,7,2,1,1,2,False
case-073,recover,export,move,0,6,7,4,3,3,2,True
case-073,recover,export,move,1,3,7,2,3,3,2,True
case-073,wait,retired,div,0,3,7,4,1,1,2,False
case-073,wait,retired,move,0,6,7,7,3,3,2,True
case-073,wait,export,div,0,3,7,4,1,1,2,False
case-073,wait,export,move,0,6,7,7,3,3,2,True
case-075,wait,retired,alu,0,0,4,1,1,1,2,False
case-075,wait,retired,div,0,0,4,1,2,2,1,True
case-075,wait,retired,move,0,0,4,1,1,1,4,False
case-075,wait,retired,move,1,3,4,2,4,4,3,True
case-075,wait,export,alu,0,0,4,1,1,1,2,False
case-075,wait,export,div,0,0,4,1,2,2,1,True
case-075,wait,export,move,0,0,4,1,1,1,4,False
case-075,wait,export,move,1,3,4,2,4,4,3,True
case-077,recover,retired,alu,0,0,16,1,2,2,1,True
case-077,recover,retired,alu,8,8,16,1,2,2,1,True
case-077,recover,retired,move,0,0,16,1,3,3,2,True
case-077,recover,retired,move,1,1,16,1,2,2,1,True
case-077,recover,retired,move,3,13,16,2,1,1,4,False
case-077,recover,retired,move,4,14,16,2,2,2,1,True
case-077,recover,retired,move,5,15,16,2,4,4,3,True
case-077,recover,retired,move,6,6,16,1,2,2,1,True
case-077,recover,retired,move,7,7,16,1,3,3,2,True
case-077,recover,retired,move,8,8,16,1,3,3,2,True
case-077,recover,retired,move,9,9,16,1,2,2,1,True
case-077,recover,export,alu,0,0,16,1,2,2,1,True
case-077,recover,export,alu,8,8,16,1,2,2,1,True
case-077,recover,export,move,0,0,16,1,3,3,2,True
case-077,recover,export,move,1,1,16,1,2,2,1,True
case-077,recover,export,move,3,13,16,2,1,1,4,False
case-077,recover,export,move,4,14,16,2,2,2,1,True
case-077,recover,export,move,5,15,16,2,4,4,3,True
case-077,recover,export,move,6,6,16,1,2,2,1,True
case-077,recover,export,move,7,7,16,1,3,3,2,True
case-077,recover,export,move,8,8,16,1,3,3,2,True
case-077,recover,export,move,9,9,16,1,2,2,1,True
case-077,wait,retired,alu,0,8,16,3,2,2,1,True
case-077,wait,retired,move,0,8,16,3,3,3,2,True
case-077,wait,retired,move,1,13,16,4,3,3,2,True
case-077,wait,retired,move,2,14,16,4,2,2,1,True
case-077,wait,retired,move,3,15,16,4,3,3,2,True
case-077,wait,export,alu,0,8,16,3,2,2,1,True
case-077,wait,export,move,0,8,16,3,3,3,2,True
case-077,wait,export,move,1,13,16,4,3,3,2,True
case-077,wait,export,move,2,14,16,4,2,2,1,True
case-077,wait,export,move,3,15,16,4,3,3,2,True
case-078,recover,retired,alu,0,0,2,1,1,1,1,False
case-078,recover,retired,move,0,0,2,1,2,2,1,True
case-078,recover,retired,move,1,1,2,1,2,2,1,True
case-078,recover,export,alu,0,0,2,1,1,1,1,False
case-078,recover,export,move,0,0,2,1,2,2,1,True
case-078,recover,export,move,1,1,2,1,2,2,1,True
case-078,wait,retired,alu,0,0,2,1,1,1,1,False
case-078,wait,retired,move,0,1,2,2,2,2,1,True
case-078,wait,export,alu,0,0,2,1,1,1,1,False
case-078,wait,export,move,0,1,2,2,2,2,1,True
case-079,recover,retired,alu,0,0,6,1,2,2,1,True
case-079,recover,retired,alu,1,3,6,2,2,2,1,True
case-079,recover,retired,move,0,4,6,3,4,4,3,True
case-079,recover,retired,move,1,5,6,3,4,4,3,True
case-079,recover,export,alu,0,0,6,1,2,2,1,True
case-079,recover,export,alu,1,3,6,2,2,2,1,True
case-079,recover,export,move,0,4,6,3,4,4,3,True
case-079,recover,export,move,1,5,6,3,4,4,3,True
case-079,wait,retired,alu,0,3,6,4,2,2,1,True
case-079,wait,retired,move,0,5,6,6,4,4,3,True
case-079,wait,export,alu,0,3,6,4,2,2,1,True
case-079,wait,export,move,0,5,6,6,4,4,3,True
case-081,wait,retired,alu,1,4,7,2,1,1,2,False
case-081,wait,retired,alu,2,2,7,1,2,2,1,True
case-081,wait,retired,div,0,0,7,1,1,1,2,False
case-081,wait,retired,move,0,6,7,3,4,4,3,True
case-081,wait,retired,move,1,4,7,2,2,2,1,True
case-081,wait,retired,move,2,5,7,2,1,1,4,False
case-081,wait,export,alu,1,4,7,2,1,1,2,False
case-081,wait,export,alu,2,2,7,1,2,2,1,True
case-081,wait,export,div,0,0,7,1,1,1,2,False
case-081,wait,export,move,0,6,7,3,4,4,3,True
case-081,wait,export,move,1,4,7,2,2,2,1,True
case-081,wait,export,move,2,5,7,2,1,1,4,False
case-083,recover,retired,alu,0,0,14,1,2,2,1,True
case-083,recover,retired,alu,2,8,14,2,2,2,1,True
case-083,recover,retired,alu,3,3,14,1,1,1,2,False
case-083,recover,retired,alu,5,11,14,2,1,1,2,False
case-083,recover,retired,div,0,0,14,1,1,1,2,False
case-083,recover,retired,div,2,8,14,2,1,1,2,False
case-083,recover,retired,move,0,12,14,3,3,3,2,True
case-083,recover,retired,move,1,13,14,3,3,3,2,True
case-083,recover,retired,move,2,8,14,2,4,4,3,True
case-083,recover,retired,move,3,9,14,2,1,1,4,False
case-083,recover,retired,move,4,10,14,2,3,3,2,True
case-083,recover,retired,move,5,5,14,1,2,2,1,True
case-083,recover,export,alu,0,0,14,1,2,2,1,True
case-083,recover,export,alu,2,8,14,2,2,2,1,True
case-083,recover,export,alu,3,3,14,1,1,1,2,False
case-083,recover,export,alu,5,11,14,2,1,1,2,False
case-083,recover,export,div,0,0,14,1,1,1,2,False
case-083,recover,export,div,2,8,14,2,1,1,2,False
case-083,recover,export,move,0,12,14,3,3,3,2,True
case-083,recover,export,move,1,13,14,3,3,3,2,True
case-083,recover,export,move,2,8,14,2,4,4,3,True
case-083,recover,export,move,3,9,14,2,1,1,4,False
case-083,recover,export,move,4,10,14,2,3,3,2,True
case-083,recover,export,move,5,5,14,1,2,2,1,True
case-083,wait,retired,alu,0,8,14,3,2,2,1,True
case-083,wait,retired,alu,3,11,14,3,1,1,2,False
case-083,wait,retired,div,0,8,14,3,1,1,2,False
case-083,wait,retired,move,0,12,14,4,3,3,2,True
case-083,wait,retired,move,1,13,14,4,3,3,2,True
case-083,wait,retired,move,2,10,14,3,2,2,1,True
case-083,wait,export,alu,0,8,14,3,2,2,1,True
case-083,wait,export,alu,3,11,14,3,1,1,2,False
case-083,wait,export,div,0,8,14,3,1,1,2,False
case-083,wait,export,move,0,12,14,4,3,3,2,True
case-083,wait,export,move,1,13,14,4,3,3,2,True
case-083,wait,export,move,2,10,14,3,2,2,1,True
case-084,wait,retired,alu,0,0,2,1,1,1,1,False
case-084,wait,retired,move,0,0,2,1,1,1,2,False
case-084,wait,retired,move,1,1,2,1,1,1,2,False
case-084,wait,export,alu,0,0,2,1,1,1,1,False
case-084,wait,export,move,0,1,2,2,2,2,1,True
case-085,recover,retired,alu,0,0,6,1,1,1,2,False
case-085,recover,retired,alu,1,3,6,2,1,1,2,False
case-085,recover,retired,move,0,2,6,2,3,3,2,True
case-085,recover,retired,move,1,5,6,3,3,3,2,True
case-085,recover,export,alu,0,0,6,1,1,1,2,False
case-085,recover,export,alu,1,3,6,2,1,1,2,False
case-085,recover,export,move,0,2,6,2,3,3,2,True
case-085,recover,export,move,1,5,6,3,3,3,2,True
case-085,wait,retired,alu,0,3,6,4,1,1,2,False
case-085,wait,retired,move,0,5,6,6,3,3,2,True
case-085,wait,export,alu,0,3,6,4,1,1,2,False
case-085,wait,export,move,0,5,6,6,3,3,2,True
case-086,recover,retired,alu,0,0,12,1,1,1,1,False
case-086,recover,retired,alu,2,2,12,1,1,1,1,False
case-086,recover,retired,alu,8,8,12,1,1,1,1,False
case-086,recover,retired,alu,10,10,12,1,1,1,1,False
case-086,recover,retired,move,0,0,12,1,2,2,1,True
case-086,recover,retired,move,1,1,12,1,2,2,1,True
case-086,recover,retired,move,3,3,12,1,1,1,2,False
case-086,recover,retired,move,8,8,12,1,2,2,1,True
case-086,recover,retired,move,9,9,12,1,2,2,1,True
case-086,recover,retired,move,11,11,12,1,1,1,2,False
case-086,recover,export,alu,0,0,12,1,1,1,1,False
case-086,recover,export,alu,2,2,12,1,1,1,1,False
case-086,recover,export,alu,8,8,12,1,1,1,1,False
case-086,recover,export,alu,10,10,12,1,1,1,1,False
case-086,recover,export,move,0,0,12,1,2,2,1,True
case-086,recover,export,move,1,1,12,1,2,2,1,True
case-086,recover,export,move,3,3,12,1,1,1,2,False
case-086,recover,export,move,8,8,12,1,2,2,1,True
case-086,recover,export,move,9,9,12,1,2,2,1,True
case-086,recover,export,move,11,11,12,1,1,1,2,False
case-086,wait,retired,alu,0,8,12,3,1,1,1,False
case-086,wait,retired,alu,2,10,12,3,1,1,1,False
case-086,wait,retired,move,0,8,12,3,2,2,1,True
case-086,wait,retired,move,1,9,12,3,2,2,1,True
case-086,wait,retired,move,3,11,12,3,1,1,2,False
case-086,wait,export,alu,0,8,12,3,1,1,1,False
case-086,wait,export,alu,2,10,12,3,1,1,1,False
case-086,wait,export,move,0,8,12,3,2,2,1,True
case-086,wait,export,move,1,9,12,3,2,2,1,True
case-086,wait,export,move,3,11,12,3,1,1,2,False
case-090,recover,retired,alu,0,0,2,1,1,1,1,False
case-090,recover,retired,move,0,0,2,1,2,2,1,True
case-090,recover,retired,move,1,1,2,1,2,2,1,True
case-090,recover,export,alu,0,0,2,1,1,1,1,False
case-090,recover,export,move,0,0,2,1,2,2,1,True
case-090,recover,export,move,1,1,2,1,2,2,1,True
case-090,wait,retired,alu,0,0,2,1,1,1,1,False
case-090,wait,retired,move,0,1,2,2,2,2,1,True
case-090,wait,export,alu,0,0,2,1,1,1,1,False
case-090,wait,export,move,0,1,2,2,2,2,1,True
case-091,recover,retired,alu,0,0,7,1,1,1,2,False
case-091,recover,retired,alu,1,3,7,2,1,1,2,False
case-091,recover,retired,move,0,6,7,4,4,4,3,True
case-091,recover,retired,move,1,5,7,3,4,4,3,True
case-091,recover,export,alu,0,0,7,1,1,1,2,False
case-091,recover,export,alu,1,3,7,2,1,1,2,False
case-091,recover,export,move,0,6,7,4,4,4,3,True
case-091,recover,export,move,1,5,7,3,4,4,3,True
case-091,wait,retired,alu,0,3,7,4,1,1,2,False
case-091,wait,retired,move,0,6,7,7,4,4,3,True
case-091,wait,export,alu,0,3,7,4,1,1,2,False
case-091,wait,export,move,0,6,7,7,4,4,3,True
case-092,recover,retired,move,0,0,22,1,1,1,2,False
case-092,recover,retired,move,3,21,22,3,1,1,2,False
case-092,recover,retired,move,4,13,22,2,2,2,1,True
case-092,recover,retired,move,5,14,22,2,2,2,1,True
case-092,recover,retired,move,6,15,22,2,2,2,1,True
case-092,recover,retired,move,7,16,22,2,2,2,1,True
case-092,recover,retired,move,8,8,22,1,2,2,1,True
case-092,recover,export,move,0,0,22,1,1,1,2,False
case-092,recover,export,move,3,21,22,3,1,1,2,False
case-092,recover,export,move,4,13,22,2,2,2,1,True
case-092,recover,export,move,5,14,22,2,2,2,1,True
case-092,recover,export,move,6,15,22,2,2,2,1,True
case-092,recover,export,move,7,16,22,2,2,2,1,True
case-092,recover,export,move,8,8,22,1,2,2,1,True
case-092,wait,retired,move,0,15,22,4,1,1,2,False
case-092,wait,retired,move,1,21,22,5,2,2,1,True
case-092,wait,retired,move,3,13,22,3,2,2,1,True
case-092,wait,retired,move,4,14,22,3,1,1,2,False
case-092,wait,export,move,0,21,22,8,2,2,1,True
case-092,wait,export,move,1,16,22,6,2,2,1,True
case-092,wait,export,move,2,14,22,5,2,2,1,True
case-095,recover,retired,alu,0,0,14,1,2,2,1,True
case-095,recover,retired,alu,1,8,14,2,2,2,1,True
case-095,recover,retired,alu,2,2,14,1,1,1,2,False
case-095,recover,retired,alu,3,10,14,2,2,2,1,True
case-095,recover,retired,alu,4,11,14,2,1,1,2,False
case-095,recover,retired,div,0,0,14,1,1,1,2,False
case-095,recover,retired,div,1,8,14,2,1,1,2,False
case-095,recover,retired,move,0,0,14,1,3,3,2,True
case-095,recover,retired,move,1,8,14,2,4,4,3,True
case-095,recover,retired,move,2,9,14,2,3,3,2,True
case-095,recover,retired,move,3,10,14,2,3,3,2,True
case-095,recover,retired,move,4,11,14,2,1,1,4,False
case-095,recover,retired,move,5,5,14,1,2,2,1,True
case-095,recover,retired,move,6,13,14,2,2,2,1,True
case-095,recover,export,alu,0,0,14,1,2,2,1,True
case-095,recover,export,alu,1,8,14,2,2,2,1,True
case-095,recover,export,alu,2,2,14,1,1,1,2,False
case-095,recover,export,alu,3,10,14,2,2,2,1,True
case-095,recover,export,alu,4,11,14,2,1,1,2,False
case-095,recover,export,div,0,0,14,1,1,1,2,False
case-095,recover,export,div,1,8,14,2,1,1,2,False
case-095,recover,export,move,0,0,14,1,3,3,2,True
case-095,recover,export,move,1,8,14,2,4,4,3,True
case-095,recover,export,move,2,9,14,2,3,3,2,True
case-095,recover,export,move,3,10,14,2,3,3,2,True
case-095,recover,export,move,4,11,14,2,1,1,4,False
case-095,recover,export,move,5,5,14,1,2,2,1,True
case-095,recover,export,move,6,13,14,2,2,2,1,True
case-095,wait,retired,alu,0,8,14,3,2,2,1,True
case-095,wait,retired,alu,2,10,14,3,1,1,2,False
case-095,wait,retired,alu,3,11,14,3,1,1,2,False
case-095,wait,retired,div,0,8,14,3,1,1,2,False
case-095,wait,retired,move,0,8,14,3,3,3,2,True
case-095,wait,retired,move,1,13,14,4,3,3,2,True
case-095,wait,retired,move,2,10,14,3,2,2,1,True
case-095,wait,retired,move,3,11,14,3,1,1,4,False
case-095,wait,export,alu,0,8,14,3,2,2,1,True
case-095,wait,export,alu,2,10,14,3,1,1,2,False
case-095,wait,export,alu,3,11,14,3,1,1,2,False
case-095,wait,export,div,0,8,14,3,1,1,2,False
case-095,wait,export,move,0,8,14,3,3,3,2,True
case-095,wait,export,move,1,13,14,4,3,3,2,True
case-095,wait,export,move,2,10,14,3,2,2,1,True
case-095,wait,export,move,3,11,14,3,1,1,4,False
