distance,latency,release,capacity,skeleton,retirement_only_ii,copied_selector_ii,synthesized_ii,retire,early_bank_cells,latest_bank_cells,common_storage_ii
1,1,0,1,wait,2,2,2,2,1,1,2
1,1,0,1,recover,,,,2,,,
1,1,0,2,wait,2,2,1,2,1,1,1
1,1,0,2,recover,2,2,2,2,1,1,2
1,1,0,4,wait,2,2,1,2,1,1,1
1,1,0,4,recover,2,2,1,2,1,1,1
1,1,3,1,wait,2,2,2,5,1,1,2
1,1,3,1,recover,5,5,5,5,1,1,5
1,1,3,2,wait,2,2,1,5,1,1,1
1,1,3,2,recover,5,5,4,5,1,1,4
1,1,3,4,wait,2,2,1,5,1,1,1
1,1,3,4,recover,5,5,4,5,1,1,4
1,1,8,1,wait,2,2,2,10,1,1,2
1,1,8,1,recover,10,10,10,10,1,1,10
1,1,8,2,wait,2,2,1,10,1,1,1
1,1,8,2,recover,10,10,9,10,1,1,9
1,1,8,4,wait,2,2,1,10,1,1,1
1,1,8,4,recover,10,10,9,10,1,1,9
1,3,0,1,wait,4,2,2,4,1,1,2
1,3,0,1,recover,,,,4,,,
1,3,0,2,wait,4,2,1,4,1,1,1
1,3,0,2,recover,4,2,2,4,1,1,2
1,3,0,4,wait,4,2,1,4,1,1,1
1,3,0,4,recover,4,2,1,4,1,1,1
1,3,3,1,wait,4,2,2,7,1,1,2
1,3,3,1,recover,7,5,4,7,1,1,4
1,3,3,2,wait,4,2,1,7,1,1,1
1,3,3,2,recover,7,5,4,7,1,1,4
1,3,3,4,wait,4,2,1,7,1,1,1
1,3,3,4,recover,7,5,4,7,1,1,4
1,3,8,1,wait,4,2,2,12,1,1,2
1,3,8,1,recover,12,10,9,12,1,1,9
1,3,8,2,wait,4,2,1,12,1,1,1
1,3,8,2,recover,12,10,9,12,1,1,9
1,3,8,4,wait,4,2,1,12,1,1,1
1,3,8,4,recover,12,10,9,12,1,1,9
1,7,0,1,wait,8,2,2,8,1,1,2
1,7,0,1,recover,,,,8,,,
1,7,0,2,wait,8,2,1,8,1,1,1
1,7,0,2,recover,8,2,2,8,1,1,2
1,7,0,4,wait,8,2,1,8,1,1,1
1,7,0,4,recover,8,2,1,8,1,1,1
1,7,3,1,wait,8,2,2,11,1,1,2
1,7,3,1,recover,11,5,4,11,1,1,4
1,7,3,2,wait,8,2,1,11,1,1,1
1,7,3,2,recover,11,5,4,11,1,1,4
1,7,3,4,wait,8,2,1,11,1,1,1
1,7,3,4,recover,11,5,4,11,1,1,4
1,7,8,1,wait,8,2,2,16,1,1,2
1,7,8,1,recover,16,10,9,16,1,1,9
1,7,8,2,wait,8,2,1,16,1,1,1
1,7,8,2,recover,16,10,9,16,1,1,9
1,7,8,4,wait,8,2,1,16,1,1,1
1,7,8,4,recover,16,10,9,16,1,1,9
1,15,0,1,wait,16,2,2,16,1,1,2
1,15,0,1,recover,,,,16,,,
1,15,0,2,wait,16,2,1,16,1,1,1
1,15,0,2,recover,16,2,2,16,1,1,2
1,15,0,4,wait,16,2,1,16,1,1,1
1,15,0,4,recover,16,2,1,16,1,1,1
1,15,3,1,wait,16,2,2,19,1,1,2
1,15,3,1,recover,19,5,4,19,1,1,4
1,15,3,2,wait,16,2,1,19,1,1,1
1,15,3,2,recover,19,5,4,19,1,1,4
1,15,3,4,wait,16,2,1,19,1,1,1
1,15,3,4,recover,19,5,4,19,1,1,4
1,15,8,1,wait,16,2,2,24,1,1,2
1,15,8,1,recover,24,10,9,24,1,1,9
1,15,8,2,wait,16,2,1,24,1,1,1
1,15,8,2,recover,24,10,9,24,1,1,9
1,15,8,4,wait,16,2,1,24,1,1,1
1,15,8,4,recover,24,10,9,24,1,1,9
1,31,0,1,wait,32,2,2,32,1,1,2
1,31,0,1,recover,,,,32,,,
1,31,0,2,wait,32,2,1,32,1,1,1
1,31,0,2,recover,32,2,2,32,1,1,2
1,31,0,4,wait,32,2,1,32,1,1,1
1,31,0,4,recover,32,2,1,32,1,1,1
1,31,3,1,wait,32,2,2,35,1,1,2
1,31,3,1,recover,35,5,4,35,1,1,4
1,31,3,2,wait,32,2,1,35,1,1,1
1,31,3,2,recover,35,5,4,35,1,1,4
1,31,3,4,wait,32,2,1,35,1,1,1
1,31,3,4,recover,35,5,4,35,1,1,4
1,31,8,1,wait,32,2,2,40,1,1,2
1,31,8,1,recover,40,10,9,40,1,1,9
1,31,8,2,wait,32,2,1,40,1,1,1
1,31,8,2,recover,40,10,9,40,1,1,9
1,31,8,4,wait,32,2,1,40,1,1,1
1,31,8,4,recover,40,10,9,40,1,1,9
2,1,0,1,wait,2,2,2,2,2,2,2
2,1,0,1,recover,,,,2,,,
2,1,0,2,wait,1,1,1,2,2,1,1
2,1,0,2,recover,2,2,2,2,2,2,2
2,1,0,4,wait,1,1,1,2,2,1,1
2,1,0,4,recover,1,1,1,2,2,1,1
2,1,3,1,wait,2,2,2,5,2,2,2
2,1,3,1,recover,5,5,5,5,2,2,5
2,1,3,2,wait,1,1,1,5,2,1,1
2,1,3,2,recover,3,3,2,5,2,2,2
2,1,3,4,wait,1,1,1,5,2,1,1
2,1,3,4,recover,3,3,2,5,2,2,2
2,1,8,1,wait,2,2,2,10,2,2,2
2,1,8,1,recover,5,5,5,10,2,2,5
2,1,8,2,wait,1,1,1,10,2,1,1
2,1,8,2,recover,5,5,5,10,2,2,5
2,1,8,4,wait,1,1,1,10,2,1,1
2,1,8,4,recover,5,5,5,10,2,2,5
2,3,0,1,wait,2,2,2,4,2,1,2
2,3,0,1,recover,,,,4,,,
2,3,0,2,wait,2,1,1,4,2,1,1
2,3,0,2,recover,2,2,2,4,2,1,2
2,3,0,4,wait,2,1,1,4,2,1,1
2,3,0,4,recover,2,1,1,4,2,1,1
2,3,3,1,wait,2,2,2,7,2,1,2
2,3,3,1,recover,4,4,4,7,2,2,4
2,3,3,2,wait,2,1,1,7,2,1,1
2,3,3,2,recover,4,3,2,7,2,2,2
2,3,3,4,wait,2,1,1,7,2,1,1
2,3,3,4,recover,4,3,2,7,2,2,2
2,3,8,1,wait,2,2,2,12,2,1,2
2,3,8,1,recover,6,5,5,12,2,2,5
2,3,8,2,wait,2,1,1,12,2,1,1
2,3,8,2,recover,6,5,5,12,2,2,5
2,3,8,4,wait,2,1,1,12,2,1,1
2,3,8,4,recover,6,5,5,12,2,2,5
2,7,0,1,wait,4,2,2,8,2,1,2
2,7,0,1,recover,,,,8,,,
2,7,0,2,wait,4,1,1,8,2,1,1
2,7,0,2,recover,4,2,2,8,2,1,2
2,7,0,4,wait,4,1,1,8,2,1,1
2,7,0,4,recover,4,1,1,8,2,1,1
2,7,3,1,wait,4,2,2,11,2,1,2
2,7,3,1,recover,6,4,4,11,2,1,4
2,7,3,2,wait,4,1,1,11,2,1,1
2,7,3,2,recover,6,3,2,11,2,2,2
2,7,3,4,wait,4,1,1,11,2,1,1
2,7,3,4,recover,6,3,2,11,2,2,2
2,7,8,1,wait,4,2,2,16,2,1,2
2,7,8,1,recover,9,5,5,16,2,2,5
2,7,8,2,wait,4,1,1,16,2,1,1
2,7,8,2,recover,8,5,5,16,2,2,5
2,7,8,4,wait,4,1,1,16,2,1,1
2,7,8,4,recover,8,5,5,16,2,2,5
2,15,0,1,wait,8,2,2,16,2,1,2
2,15,0,1,recover,,,,16,,,
2,15,0,2,wait,8,1,1,16,2,1,1
2,15,0,2,recover,8,2,2,16,2,1,2
2,15,0,4,wait,8,1,1,16,2,1,1
2,15,0,4,recover,8,1,1,16,2,1,1
2,15,3,1,wait,8,2,2,19,2,1,2
2,15,3,1,recover,10,4,4,19,2,1,4
2,15,3,2,wait,8,1,1,19,2,1,1
2,15,3,2,recover,10,3,2,19,2,2,2
2,15,3,4,wait,8,1,1,19,2,1,1
2,15,3,4,recover,10,3,2,19,2,2,2
2,15,8,1,wait,8,2,2,24,2,1,2
2,15,8,1,recover,12,5,5,24,2,2,5
2,15,8,2,wait,8,1,1,24,2,1,1
2,15,8,2,recover,12,5,5,24,2,2,5
2,15,8,4,wait,8,1,1,24,2,1,1
2,15,8,4,recover,12,5,5,24,2,2,5
2,31,0,1,wait,16,2,2,32,2,1,2
2,31,0,1,recover,,,,32,,,
2,31,0,2,wait,16,1,1,32,2,1,1
2,31,0,2,recover,16,2,2,32,2,1,2
2,31,0,4,wait,16,1,1,32,2,1,1
2,31,0,4,recover,16,1,1,32,2,1,1
2,31,3,1,wait,16,2,2,35,2,1,2
2,31,3,1,recover,18,4,4,35,2,1,4
2,31,3,2,wait,16,1,1,35,2,1,1
2,31,3,2,recover,18,3,2,35,2,2,2
2,31,3,4,wait,16,1,1,35,2,1,1
2,31,3,4,recover,18,3,2,35,2,2,2
2,31,8,1,wait,16,2,2,40,2,1,2
2,31,8,1,recover,20,5,5,40,2,2,5
2,31,8,2,wait,16,1,1,40,2,1,1
2,31,8,2,recover,20,5,5,40,2,2,5
2,31,8,4,wait,16,1,1,40,2,1,1
2,31,8,4,recover,20,5,5,40,2,2,5
3,1,0,1,wait,2,2,2,2,3,3,2
3,1,0,1,recover,,,,2,,,
3,1,0,2,wait,1,1,1,2,3,2,1
3,1,0,2,recover,2,2,2,2,3,3,2
3,1,0,4,wait,1,1,1,2,3,2,1
3,1,0,4,recover,1,1,1,2,3,2,1
3,1,3,1,wait,2,2,2,5,3,3,2
3,1,3,1,recover,5,5,5,5,3,3,5
3,1,3,2,wait,1,1,1,5,3,2,1
3,1,3,2,recover,2,2,2,5,3,3,2
3,1,3,4,wait,1,1,1,5,3,2,1
3,1,3,4,recover,2,2,2,5,3,3,2
3,1,8,1,wait,2,2,2,10,3,3,2
3,1,8,1,recover,5,5,5,10,3,3,5
3,1,8,2,wait,1,1,1,10,3,2,1
3,1,8,2,recover,4,4,3,10,3,3,3
3,1,8,4,wait,1,1,1,10,3,2,1
3,1,8,4,recover,4,4,3,10,3,3,3
3,3,0,1,wait,2,2,2,4,3,2,2
3,3,0,1,recover,,,,4,,,
3,3,0,2,wait,2,1,1,4,3,1,1
3,3,0,2,recover,2,2,2,4,3,2,2
3,3,0,4,wait,2,1,1,4,3,1,1
3,3,0,4,recover,2,1,1,4,3,1,1
3,3,3,1,wait,2,2,2,7,3,2,2
3,3,3,1,recover,4,4,4,7,3,3,4
3,3,3,2,wait,2,1,1,7,3,1,1
3,3,3,2,recover,3,2,2,7,3,2,2
3,3,3,4,wait,2,1,1,7,3,1,1
3,3,3,4,recover,3,2,2,7,3,2,2
3,3,8,1,wait,2,2,2,12,3,2,2
3,3,8,1,recover,5,5,5,12,3,3,5
3,3,8,2,wait,2,1,1,12,3,1,1
3,3,8,2,recover,4,4,3,12,3,3,3
3,3,8,4,wait,2,1,1,12,3,1,1
3,3,8,4,recover,4,4,3,12,3,3,3
3,7,0,1,wait,3,2,2,8,3,1,2
3,7,0,1,recover,,,,8,,,
3,7,0,2,wait,3,1,1,8,3,1,1
3,7,0,2,recover,3,2,2,8,3,1,2
3,7,0,4,wait,3,1,1,8,3,1,1
3,7,0,4,recover,3,1,1,8,3,1,1
3,7,3,1,wait,3,2,2,11,3,1,2
3,7,3,1,recover,4,4,4,11,3,2,4
3,7,3,2,wait,3,1,1,11,3,1,1
3,7,3,2,recover,4,2,2,11,3,2,2
3,7,3,4,wait,3,1,1,11,3,1,1
3,7,3,4,recover,4,2,2,11,3,2,2
3,7,8,1,wait,3,2,2,16,3,1,2
3,7,8,1,recover,6,5,5,16,3,2,5
3,7,8,2,wait,3,1,1,16,3,1,1
3,7,8,2,recover,6,4,3,16,3,3,3
3,7,8,4,wait,3,1,1,16,3,1,1
3,7,8,4,recover,6,4,3,16,3,3,3
3,15,0,1,wait,6,2,2,16,3,1,2
3,15,0,1,recover,,,,16,,,
3,15,0,2,wait,6,1,1,16,3,1,1
3,15,0,2,recover,6,2,2,16,3,1,2
3,15,0,4,wait,6,1,1,16,3,1,1
3,15,0,4,recover,6,1,1,16,3,1,1
3,15,3,1,wait,6,2,2,19,3,1,2
3,15,3,1,recover,7,4,4,19,3,1,4
3,15,3,2,wait,6,1,1,19,3,1,1
3,15,3,2,recover,7,2,2,19,3,2,2
3,15,3,4,wait,6,1,1,19,3,1,1
3,15,3,4,recover,7,2,2,19,3,2,2
3,15,8,1,wait,6,2,2,24,3,1,2
3,15,8,1,recover,9,5,5,24,3,2,5
3,15,8,2,wait,6,1,1,24,3,1,1
3,15,8,2,recover,8,4,3,24,3,3,3
3,15,8,4,wait,6,1,1,24,3,1,1
3,15,8,4,recover,8,4,3,24,3,3,3
3,31,0,1,wait,11,2,2,32,3,1,2
3,31,0,1,recover,,,,32,,,
3,31,0,2,wait,11,1,1,32,3,1,1
3,31,0,2,recover,11,2,2,32,3,1,2
3,31,0,4,wait,11,1,1,32,3,1,1
3,31,0,4,recover,11,1,1,32,3,1,1
3,31,3,1,wait,11,2,2,35,3,1,2
3,31,3,1,recover,12,4,4,35,3,1,4
3,31,3,2,wait,11,1,1,35,3,1,1
3,31,3,2,recover,12,2,2,35,3,2,2
3,31,3,4,wait,11,1,1,35,3,1,1
3,31,3,4,recover,12,2,2,35,3,2,2
3,31,8,1,wait,11,2,2,40,3,1,2
3,31,8,1,recover,14,5,5,40,3,2,5
3,31,8,2,wait,11,1,1,40,3,1,1
3,31,8,2,recover,14,4,3,40,3,3,3
3,31,8,4,wait,11,1,1,40,3,1,1
3,31,8,4,recover,14,4,3,40,3,3,3
5,1,0,1,wait,2,2,2,2,5,5,2
5,1,0,1,recover,,,,2,,,
5,1,0,2,wait,1,1,1,2,5,4,1
5,1,0,2,recover,2,2,2,2,5,5,2
5,1,0,4,wait,1,1,1,2,5,4,1
5,1,0,4,recover,1,1,1,2,5,4,1
5,1,3,1,wait,2,2,2,5,5,5,2
5,1,3,1,recover,5,5,5,5,5,5,5
5,1,3,2,wait,1,1,1,5,5,4,1
5,1,3,2,recover,2,2,2,5,5,5,2
5,1,3,4,wait,1,1,1,5,5,4,1
5,1,3,4,recover,1,1,1,5,5,4,1
5,1,8,1,wait,2,2,2,10,5,5,2
5,1,8,1,recover,5,5,5,10,5,5,5
5,1,8,2,wait,1,1,1,10,5,4,1
5,1,8,2,recover,2,2,2,10,5,5,2
5,1,8,4,wait,1,1,1,10,5,4,1
5,1,8,4,recover,2,2,2,10,5,5,2
5,3,0,1,wait,2,2,2,4,5,4,2
5,3,0,1,recover,,,,4,,,
5,3,0,2,wait,1,1,1,4,5,2,1
5,3,0,2,recover,2,2,2,4,5,4,2
5,3,0,4,wait,1,1,1,4,5,2,1
5,3,0,4,recover,1,1,1,4,5,2,1
5,3,3,1,wait,2,2,2,7,5,4,2
5,3,3,1,recover,4,4,4,7,5,5,4
5,3,3,2,wait,1,1,1,7,5,2,1
5,3,3,2,recover,2,2,2,7,5,4,2
5,3,3,4,wait,1,1,1,7,5,2,1
5,3,3,4,recover,2,1,1,7,5,4,1
5,3,8,1,wait,2,2,2,12,5,4,2
5,3,8,1,recover,5,5,5,12,5,5,5
5,3,8,2,wait,1,1,1,12,5,2,1
5,3,8,2,recover,3,2,2,12,5,5,2
5,3,8,4,wait,1,1,1,12,5,2,1
5,3,8,4,recover,3,2,2,12,5,5,2
5,7,0,1,wait,2,2,2,8,5,2,2
5,7,0,1,recover,,,,8,,,
5,7,0,2,wait,2,1,1,8,5,1,1
5,7,0,2,recover,2,2,2,8,5,2,2
5,7,0,4,wait,2,1,1,8,5,1,1
5,7,0,4,recover,2,1,1,8,5,1,1
5,7,3,1,wait,2,2,2,11,5,2,2
5,7,3,1,recover,4,4,4,11,5,4,4
5,7,3,2,wait,2,1,1,11,5,1,1
5,7,3,2,recover,3,2,2,11,5,2,2
5,7,3,4,wait,2,1,1,11,5,1,1
5,7,3,4,recover,3,1,1,11,5,4,1
5,7,8,1,wait,2,2,2,16,5,2,2
5,7,8,1,recover,5,5,5,16,5,4,5
5,7,8,2,wait,2,1,1,16,5,1,1
5,7,8,2,recover,4,2,2,16,5,5,2
5,7,8,4,wait,2,1,1,16,5,1,1
5,7,8,4,recover,4,2,2,16,5,5,2
5,15,0,1,wait,4,2,2,16,5,1,2
5,15,0,1,recover,,,,16,,,
5,15,0,2,wait,4,1,1,16,5,1,1
5,15,0,2,recover,4,2,2,16,5,1,2
5,15,0,4,wait,4,1,1,16,5,1,1
5,15,0,4,recover,4,1,1,16,5,1,1
5,15,3,1,wait,4,2,2,19,5,1,2
5,15,3,1,recover,4,4,4,19,5,2,4
5,15,3,2,wait,4,1,1,19,5,1,1
5,15,3,2,recover,4,2,2,19,5,2,2
5,15,3,4,wait,4,1,1,19,5,1,1
5,15,3,4,recover,4,1,1,19,5,4,1
5,15,8,1,wait,4,2,2,24,5,1,2
5,15,8,1,recover,5,5,5,24,5,2,5
5,15,8,2,wait,4,1,1,24,5,1,1
5,15,8,2,recover,5,2,2,24,5,5,2
5,15,8,4,wait,4,1,1,24,5,1,1
5,15,8,4,recover,5,2,2,24,5,5,2
5,31,0,1,wait,7,2,2,32,5,1,2
5,31,0,1,recover,,,,32,,,
5,31,0,2,wait,7,1,1,32,5,1,1
5,31,0,2,recover,7,2,2,32,5,1,2
5,31,0,4,wait,7,1,1,32,5,1,1
5,31,0,4,recover,7,1,1,32,5,1,1
5,31,3,1,wait,7,2,2,35,5,1,2
5,31,3,1,recover,7,4,4,35,5,1,4
5,31,3,2,wait,7,1,1,35,5,1,1
5,31,3,2,recover,7,2,2,35,5,2,2
5,31,3,4,wait,7,1,1,35,5,1,1
5,31,3,4,recover,7,1,1,35,5,4,1
5,31,8,1,wait,7,2,2,40,5,1,2
5,31,8,1,recover,9,5,5,40,5,2,5
5,31,8,2,wait,7,1,1,40,5,1,1
5,31,8,2,recover,8,2,2,40,5,5,2
5,31,8,4,wait,7,1,1,40,5,1,1
5,31,8,4,recover,8,2,2,40,5,5,2
