case,nodes,boolean_atoms,recover_admitted,wait_admitted,recover_attempts,wait_attempts,recover_ii,wait_ii,recover_retire,wait_retire,input_cases,target_comparisons,source_fault_cases,smaller_intervals_rejected
0,1,4,True,True,6,3,2,2,2,2,24,48,2,1
1,2,2,True,True,12,6,2,1,7,7,24,48,0,1
2,3,2,True,True,18,9,13,5,13,13,24,48,0,12
3,4,4,False,True,,12,,3,,4,24,24,0,0
4,5,2,False,False,,,,,,,24,0,12,0
5,6,2,False,False,,,,,,,24,0,14,0
6,1,4,False,True,,3,,1,,2,24,24,0,0
7,2,2,True,True,12,6,2,1,5,5,24,48,0,1
8,3,2,False,False,,,,,,,24,0,0,0
9,4,4,True,True,24,12,6,2,6,6,24,48,0,5
10,5,2,False,False,,,,,,,24,0,0,0
11,6,2,True,True,36,18,9,7,20,20,24,48,5,8
12,1,4,True,True,6,3,2,2,2,2,24,48,0,1
13,2,2,True,True,12,6,2,1,7,7,24,48,0,1
14,3,2,False,False,,,,,,,24,0,0,0
15,4,4,True,True,24,12,7,3,7,7,24,48,10,6
16,5,2,False,False,,,,,,,24,0,13,0
17,6,2,True,True,36,18,10,5,22,22,24,48,15,9
18,1,4,False,True,,3,,1,,2,24,24,0,0
19,2,2,True,True,12,6,2,1,6,6,24,48,0,1
20,3,2,False,False,,,,,,,24,0,0,0
21,4,4,False,True,,12,,3,,7,24,24,0,0
22,5,2,False,False,,,,,,,24,0,12,0
23,6,2,True,True,36,18,9,4,17,17,24,48,20,8
24,1,4,True,True,6,3,2,2,2,2,24,48,0,1
25,2,2,True,True,12,6,2,1,7,7,24,48,0,1
26,3,2,True,True,18,9,13,5,13,13,24,48,0,12
27,4,4,False,True,,12,,2,,4,24,24,0,0
28,5,2,False,False,,,,,,,24,0,21,0
29,6,2,True,True,36,18,14,6,18,18,24,48,13,13
30,1,4,False,True,,3,,1,,3,24,24,0,0
31,2,2,True,True,12,6,2,1,6,6,24,48,0,1
32,3,2,True,True,18,9,12,4,14,14,24,48,10,11
33,4,4,False,True,,12,,3,,5,24,24,2,0
34,5,2,False,False,,,,,,,24,0,0,0
35,6,2,True,True,36,18,10,3,16,16,24,48,7,9
36,1,4,False,True,,3,,1,,2,24,24,0,0
37,2,2,True,True,12,6,2,1,7,7,24,48,0,1
38,3,2,True,True,18,9,7,3,14,14,24,48,14,6
39,4,4,True,True,24,12,6,2,6,6,24,48,0,5
40,5,2,False,False,,,,,,,24,0,0,0
41,6,2,True,True,36,18,11,10,27,27,24,48,16,10
42,1,4,True,True,6,3,2,1,2,2,24,48,0,1
43,2,2,True,True,12,6,2,1,5,5,24,48,0,1
44,3,2,False,False,,,,,,,24,0,11,0
45,4,4,False,False,,,,,,,24,0,0,0
46,5,2,False,False,,,,,,,24,0,13,0
47,6,2,False,False,,,,,,,24,0,19,0
48,1,4,False,True,,3,,3,,3,24,24,0,0
49,2,2,True,True,12,6,2,1,5,5,24,48,0,1
50,3,2,False,False,,,,,,,24,0,0,0
51,4,4,False,False,,,,,,,24,0,0,0
52,5,2,False,False,,,,,,,24,0,0,0
53,6,2,False,False,,,,,,,24,0,12,0
54,1,4,False,True,,3,,1,,2,24,24,6,0
55,2,2,True,True,12,6,2,1,8,8,24,48,0,1
56,3,2,True,True,18,9,6,3,14,14,24,48,0,5
57,4,4,False,True,,12,,2,,2,24,24,13,0
58,5,2,False,False,,,,,,,24,0,0,0
59,6,2,False,False,,,,,,,24,0,0,0
60,1,4,False,True,,3,,1,,3,24,24,0,0
61,2,2,True,True,12,6,2,1,5,5,24,48,0,1
62,3,2,False,False,,,,,,,24,0,0,0
63,4,4,True,True,24,12,4,2,4,4,24,48,7,3
64,5,2,False,False,,,,,,,24,0,0,0
65,6,2,True,True,36,18,6,3,18,18,24,48,15,5
66,1,4,False,True,,3,,1,,3,24,24,0,0
67,2,2,True,True,12,6,2,1,6,6,24,48,0,1
68,3,2,True,True,18,9,9,4,16,16,24,48,10,8
69,4,4,False,False,,,,,,,24,0,16,0
70,5,2,False,False,,,,,,,24,0,8,0
71,6,2,True,True,36,18,11,4,15,15,24,48,0,10
72,1,4,True,True,6,3,2,1,2,2,24,48,0,1
73,2,2,True,True,12,6,2,1,7,7,24,48,14,1
74,3,2,False,False,,,,,,,24,0,0,0
75,4,4,False,True,,12,,2,,4,24,24,18,0
76,5,2,False,False,,,,,,,24,0,0,0
77,6,2,True,True,36,18,10,4,16,16,24,48,0,9
78,1,4,True,True,6,3,2,1,2,2,24,48,0,1
79,2,2,True,True,12,6,2,1,6,6,24,48,0,1
80,3,2,False,False,,,,,,,24,0,0,0
81,4,4,False,True,,12,,3,,7,24,24,0,0
82,5,2,False,False,,,,,,,24,0,14,0
83,6,2,True,True,36,18,6,4,14,14,24,48,16,5
84,1,4,False,True,,3,,2,,2,24,24,0,0
85,2,2,True,True,12,6,2,1,6,6,24,48,0,1
86,3,2,True,True,18,9,12,4,12,12,24,48,0,11
87,4,4,False,False,,,,,,,24,0,0,0
88,5,2,False,False,,,,,,,24,0,8,0
89,6,2,False,False,,,,,,,24,0,0,0
90,1,4,True,True,6,3,2,1,2,2,24,48,0,1
91,2,2,True,True,12,6,2,1,7,7,24,48,0,1
92,3,2,True,True,18,9,9,5,22,22,24,48,0,8
93,4,4,False,False,,,,,,,24,0,0,0
94,5,2,False,False,,,,,,,24,0,0,0
95,6,2,True,True,36,18,7,4,14,14,24,48,0,6
