case,op_activation,copy_activation,op_selector,admitted,oracle_equivalent,compared_inputs,unequal_inputs
0,0,0,0,False,False,108,108
1,0,0,1,False,False,108,108
2,0,0,2,False,False,108,108
3,0,0,3,False,False,108,108
4,0,0,4,False,False,108,108
5,0,0,5,False,False,108,108
6,0,1,0,False,False,108,42
7,0,1,1,False,False,108,108
8,0,1,2,False,False,108,54
9,0,1,3,False,False,108,96
10,0,1,4,False,False,108,75
11,0,1,5,False,False,108,75
12,0,2,0,False,False,108,96
13,0,2,1,False,False,108,108
14,0,2,2,False,False,108,108
15,0,2,3,False,False,108,96
16,0,2,4,False,False,108,102
17,0,2,5,False,False,108,102
18,0,3,0,False,False,108,54
19,0,3,1,False,False,108,108
20,0,3,2,False,False,108,54
21,0,3,3,False,False,108,108
22,0,3,4,False,False,108,81
23,0,3,5,False,False,108,81
24,0,4,0,False,False,108,75
25,0,4,1,False,False,108,108
26,0,4,2,False,False,108,81
27,0,4,3,False,False,108,102
28,0,4,4,False,False,108,108
29,0,4,5,False,False,108,75
30,0,5,0,False,False,108,75
31,0,5,1,False,False,108,108
32,0,5,2,False,False,108,81
33,0,5,3,False,False,108,102
34,0,5,4,False,False,108,75
35,0,5,5,False,False,108,108
36,1,0,0,False,False,108,108
37,1,0,1,False,False,108,42
38,1,0,2,False,False,108,54
39,1,0,3,False,False,108,96
40,1,0,4,False,False,108,75
41,1,0,5,False,False,108,75
42,1,1,0,False,False,108,42
43,1,1,1,False,False,108,42
44,1,1,2,True,True,108,0
45,1,1,3,False,False,108,84
46,1,1,4,False,False,108,42
47,1,1,5,False,False,108,42
48,1,2,0,False,False,108,96
49,1,2,1,False,False,108,42
50,1,2,2,False,False,108,54
51,1,2,3,False,False,108,84
52,1,2,4,False,False,108,69
53,1,2,5,False,False,108,69
54,1,3,0,False,False,108,54
55,1,3,1,False,False,108,42
56,1,3,2,True,True,108,0
57,1,3,3,False,False,108,96
58,1,3,4,False,False,108,48
59,1,3,5,False,False,108,48
60,1,4,0,False,False,108,75
61,1,4,1,False,False,108,42
62,1,4,2,False,False,108,27
63,1,4,3,False,False,108,90
64,1,4,4,False,False,108,75
65,1,4,5,False,False,108,42
66,1,5,0,False,False,108,75
67,1,5,1,False,False,108,42
68,1,5,2,False,False,108,27
69,1,5,3,False,False,108,90
70,1,5,4,False,False,108,42
71,1,5,5,False,False,108,75
72,2,0,0,False,False,108,108
73,2,0,1,False,False,108,54
74,2,0,2,False,False,108,54
75,2,0,3,False,False,108,108
76,2,0,4,False,False,108,81
77,2,0,5,False,False,108,81
78,2,1,0,False,False,108,42
79,2,1,1,False,False,108,54
80,2,1,2,True,True,108,0
81,2,1,3,False,False,108,96
82,2,1,4,False,False,108,48
83,2,1,5,False,False,108,48
84,2,2,0,False,False,108,96
85,2,2,1,False,False,108,54
86,2,2,2,False,False,108,54
87,2,2,3,False,False,108,96
88,2,2,4,False,False,108,75
89,2,2,5,False,False,108,75
90,2,3,0,False,False,108,54
91,2,3,1,False,False,108,54
92,2,3,2,True,True,108,0
93,2,3,3,False,False,108,108
94,2,3,4,False,False,108,54
95,2,3,5,False,False,108,54
96,2,4,0,False,False,108,75
97,2,4,1,False,False,108,54
98,2,4,2,False,False,108,27
99,2,4,3,False,False,108,102
100,2,4,4,False,False,108,81
101,2,4,5,False,False,108,48
102,2,5,0,False,False,108,75
103,2,5,1,False,False,108,54
104,2,5,2,False,False,108,27
105,2,5,3,False,False,108,102
106,2,5,4,False,False,108,48
107,2,5,5,False,False,108,81
108,3,0,0,False,False,108,108
109,3,0,1,False,False,108,96
110,3,0,2,False,False,108,108
111,3,0,3,False,False,108,96
112,3,0,4,False,False,108,102
113,3,0,5,False,False,108,102
114,3,1,0,False,False,108,42
115,3,1,1,False,False,108,96
116,3,1,2,False,False,108,54
117,3,1,3,False,False,108,84
118,3,1,4,False,False,108,69
119,3,1,5,False,False,108,69
120,3,2,0,False,False,108,96
121,3,2,1,False,False,108,96
122,3,2,2,False,False,108,108
123,3,2,3,False,False,108,84
124,3,2,4,False,False,108,96
125,3,2,5,False,False,108,96
126,3,3,0,False,False,108,54
127,3,3,1,False,False,108,96
128,3,3,2,False,False,108,54
129,3,3,3,False,False,108,96
130,3,3,4,False,False,108,75
131,3,3,5,False,False,108,75
132,3,4,0,False,False,108,75
133,3,4,1,False,False,108,96
134,3,4,2,False,False,108,81
135,3,4,3,False,False,108,90
136,3,4,4,False,False,108,102
137,3,4,5,False,False,108,69
138,3,5,0,False,False,108,75
139,3,5,1,False,False,108,96
140,3,5,2,False,False,108,81
141,3,5,3,False,False,108,90
142,3,5,4,False,False,108,69
143,3,5,5,False,False,108,102
144,4,0,0,False,False,108,108
145,4,0,1,False,False,108,75
146,4,0,2,False,False,108,81
147,4,0,3,False,False,108,102
148,4,0,4,False,False,108,75
149,4,0,5,False,False,108,108
150,4,1,0,False,False,108,42
151,4,1,1,False,False,108,75
152,4,1,2,False,False,108,27
153,4,1,3,False,False,108,90
154,4,1,4,False,False,108,42
155,4,1,5,False,False,108,75
156,4,2,0,False,False,108,96
157,4,2,1,False,False,108,75
158,4,2,2,False,False,108,81
159,4,2,3,False,False,108,90
160,4,2,4,False,False,108,69
161,4,2,5,False,False,108,102
162,4,3,0,False,False,108,54
163,4,3,1,False,False,108,75
164,4,3,2,False,False,108,27
165,4,3,3,False,False,108,102
166,4,3,4,False,False,108,48
167,4,3,5,False,False,108,81
168,4,4,0,False,False,108,75
169,4,4,1,False,False,108,75
170,4,4,2,False,False,108,54
171,4,4,3,False,False,108,96
172,4,4,4,False,False,108,75
173,4,4,5,False,False,108,75
174,4,5,0,False,False,108,75
175,4,5,1,False,False,108,75
176,4,5,2,False,False,108,54
177,4,5,3,False,False,108,96
178,4,5,4,False,False,108,42
179,4,5,5,False,False,108,108
180,5,0,0,False,False,108,108
181,5,0,1,False,False,108,75
182,5,0,2,False,False,108,81
183,5,0,3,False,False,108,102
184,5,0,4,False,False,108,108
185,5,0,5,False,False,108,75
186,5,1,0,False,False,108,42
187,5,1,1,False,False,108,75
188,5,1,2,False,False,108,27
189,5,1,3,False,False,108,90
190,5,1,4,False,False,108,75
191,5,1,5,False,False,108,42
192,5,2,0,False,False,108,96
193,5,2,1,False,False,108,75
194,5,2,2,False,False,108,81
195,5,2,3,False,False,108,90
196,5,2,4,False,False,108,102
197,5,2,5,False,False,108,69
198,5,3,0,False,False,108,54
199,5,3,1,False,False,108,75
200,5,3,2,False,False,108,27
201,5,3,3,False,False,108,102
202,5,3,4,False,False,108,81
203,5,3,5,False,False,108,48
204,5,4,0,False,False,108,75
205,5,4,1,False,False,108,75
206,5,4,2,False,False,108,54
207,5,4,3,False,False,108,96
208,5,4,4,False,False,108,108
209,5,4,5,False,False,108,42
210,5,5,0,False,False,108,75
211,5,5,1,False,False,108,75
212,5,5,2,False,False,108,54
213,5,5,3,False,False,108,96
214,5,5,4,False,False,108,75
215,5,5,5,False,False,108,75
