distance,latency,capacity,ii,cells,cutoff,export
1,7,1,1,1,8,1
1,7,1,2,1,8,2
1,7,1,3,1,8,3
1,7,1,4,1,8,4
1,7,1,5,1,8,5
1,7,1,6,1,8,6
1,7,1,7,1,8,7
1,7,1,8,1,8,8
1,7,1,9,1,8,8
1,7,1,10,1,8,8
1,7,1,11,1,8,8
1,7,1,12,1,8,8
1,7,1,13,1,8,8
1,7,1,14,1,8,8
1,7,1,15,1,8,8
1,7,1,16,1,8,8
1,7,1,17,1,8,8
1,7,4,1,1,8,1
1,7,4,2,1,8,2
1,7,4,3,1,8,3
1,7,4,4,1,8,4
1,7,4,5,1,8,5
1,7,4,6,1,8,6
1,7,4,7,1,8,7
1,7,4,8,1,8,8
1,7,4,9,1,8,8
1,7,4,10,1,8,8
1,7,4,11,1,8,8
1,7,4,12,1,8,8
1,7,4,13,1,8,8
1,7,4,14,1,8,8
1,7,4,15,1,8,8
1,7,4,16,1,8,8
1,7,4,17,1,8,8
1,15,1,1,1,16,1
1,15,1,2,1,16,2
1,15,1,3,1,16,3
1,15,1,4,1,16,4
1,15,1,5,1,16,5
1,15,1,6,1,16,6
1,15,1,7,1,16,7
1,15,1,8,1,16,8
1,15,1,9,1,16,9
1,15,1,10,1,16,10
1,15,1,11,1,16,11
1,15,1,12,1,16,12
1,15,1,13,1,16,13
1,15,1,14,1,16,14
1,15,1,15,1,16,15
1,15,1,16,1,16,16
1,15,1,17,1,16,16
1,15,1,18,1,16,16
1,15,1,19,1,16,16
1,15,1,20,1,16,16
1,15,1,21,1,16,16
1,15,1,22,1,16,16
1,15,1,23,1,16,16
1,15,1,24,1,16,16
1,15,1,25,1,16,16
1,15,1,26,1,16,16
1,15,1,27,1,16,16
1,15,1,28,1,16,16
1,15,1,29,1,16,16
1,15,1,30,1,16,16
1,15,1,31,1,16,16
1,15,1,32,1,16,16
1,15,1,33,1,16,16
1,15,4,1,1,16,1
1,15,4,2,1,16,2
1,15,4,3,1,16,3
1,15,4,4,1,16,4
1,15,4,5,1,16,5
1,15,4,6,1,16,6
1,15,4,7,1,16,7
1,15,4,8,1,16,8
1,15,4,9,1,16,9
1,15,4,10,1,16,10
1,15,4,11,1,16,11
1,15,4,12,1,16,12
1,15,4,13,1,16,13
1,15,4,14,1,16,14
1,15,4,15,1,16,15
1,15,4,16,1,16,16
1,15,4,17,1,16,16
1,15,4,18,1,16,16
1,15,4,19,1,16,16
1,15,4,20,1,16,16
1,15,4,21,1,16,16
1,15,4,22,1,16,16
1,15,4,23,1,16,16
1,15,4,24,1,16,16
1,15,4,25,1,16,16
1,15,4,26,1,16,16
1,15,4,27,1,16,16
1,15,4,28,1,16,16
1,15,4,29,1,16,16
1,15,4,30,1,16,16
1,15,4,31,1,16,16
1,15,4,32,1,16,16
1,15,4,33,1,16,16
3,7,1,1,1,8,3
3,7,1,2,1,8,6
3,7,1,3,1,8,8
3,7,1,4,2,8,8
3,7,1,5,2,8,8
3,7,1,6,2,8,8
3,7,1,7,2,8,8
3,7,1,8,3,8,8
3,7,1,9,3,8,8
3,7,1,10,3,8,8
3,7,1,11,3,8,8
3,7,1,12,3,8,8
3,7,1,13,3,8,8
3,7,1,14,3,8,8
3,7,1,15,3,8,8
3,7,1,16,3,8,8
3,7,1,17,3,8,8
3,7,4,1,1,8,3
3,7,4,2,1,8,6
3,7,4,3,1,8,8
3,7,4,4,2,8,8
3,7,4,5,2,8,8
3,7,4,6,2,8,8
3,7,4,7,2,8,8
3,7,4,8,3,8,8
3,7,4,9,3,8,8
3,7,4,10,3,8,8
3,7,4,11,3,8,8
3,7,4,12,3,8,8
3,7,4,13,3,8,8
3,7,4,14,3,8,8
3,7,4,15,3,8,8
3,7,4,16,3,8,8
3,7,4,17,3,8,8
3,15,1,1,1,16,3
3,15,1,2,1,16,6
3,15,1,3,1,16,9
3,15,1,4,1,16,12
3,15,1,5,1,16,15
3,15,1,6,1,16,16
3,15,1,7,1,16,16
3,15,1,8,2,16,16
3,15,1,9,2,16,16
3,15,1,10,2,16,16
3,15,1,11,2,16,16
3,15,1,12,2,16,16
3,15,1,13,2,16,16
3,15,1,14,2,16,16
3,15,1,15,2,16,16
3,15,1,16,3,16,16
3,15,1,17,3,16,16
3,15,1,18,3,16,16
3,15,1,19,3,16,16
3,15,1,20,3,16,16
3,15,1,21,3,16,16
3,15,1,22,3,16,16
3,15,1,23,3,16,16
3,15,1,24,3,16,16
3,15,1,25,3,16,16
3,15,1,26,3,16,16
3,15,1,27,3,16,16
3,15,1,28,3,16,16
3,15,1,29,3,16,16
3,15,1,30,3,16,16
3,15,1,31,3,16,16
3,15,1,32,3,16,16
3,15,1,33,3,16,16
3,15,4,1,1,16,3
3,15,4,2,1,16,6
3,15,4,3,1,16,9
3,15,4,4,1,16,12
3,15,4,5,1,16,15
3,15,4,6,1,16,16
3,15,4,7,1,16,16
3,15,4,8,2,16,16
3,15,4,9,2,16,16
3,15,4,10,2,16,16
3,15,4,11,2,16,16
3,15,4,12,2,16,16
3,15,4,13,2,16,16
3,15,4,14,2,16,16
3,15,4,15,2,16,16
3,15,4,16,3,16,16
3,15,4,17,3,16,16
3,15,4,18,3,16,16
3,15,4,19,3,16,16
3,15,4,20,3,16,16
3,15,4,21,3,16,16
3,15,4,22,3,16,16
3,15,4,23,3,16,16
3,15,4,24,3,16,16
3,15,4,25,3,16,16
3,15,4,26,3,16,16
3,15,4,27,3,16,16
3,15,4,28,3,16,16
3,15,4,29,3,16,16
3,15,4,30,3,16,16
3,15,4,31,3,16,16
3,15,4,32,3,16,16
3,15,4,33,3,16,16
5,7,1,1,1,8,5
5,7,1,2,2,8,8
5,7,1,3,3,8,8
5,7,1,4,4,8,8
5,7,1,5,4,8,8
5,7,1,6,4,8,8
5,7,1,7,4,8,8
5,7,1,8,5,8,8
5,7,1,9,5,8,8
5,7,1,10,5,8,8
5,7,1,11,5,8,8
5,7,1,12,5,8,8
5,7,1,13,5,8,8
5,7,1,14,5,8,8
5,7,1,15,5,8,8
5,7,1,16,5,8,8
5,7,1,17,5,8,8
5,7,4,1,1,8,5
5,7,4,2,2,8,8
5,7,4,3,3,8,8
5,7,4,4,4,8,8
5,7,4,5,4,8,8
5,7,4,6,4,8,8
5,7,4,7,4,8,8
5,7,4,8,5,8,8
5,7,4,9,5,8,8
5,7,4,10,5,8,8
5,7,4,11,5,8,8
5,7,4,12,5,8,8
5,7,4,13,5,8,8
5,7,4,14,5,8,8
5,7,4,15,5,8,8
5,7,4,16,5,8,8
5,7,4,17,5,8,8
5,15,1,1,1,16,5
5,15,1,2,1,16,10
5,15,1,3,1,16,15
5,15,1,4,2,16,16
5,15,1,5,2,16,16
5,15,1,6,3,16,16
5,15,1,7,3,16,16
5,15,1,8,4,16,16
5,15,1,9,4,16,16
5,15,1,10,4,16,16
5,15,1,11,4,16,16
5,15,1,12,4,16,16
5,15,1,13,4,16,16
5,15,1,14,4,16,16
5,15,1,15,4,16,16
5,15,1,16,5,16,16
5,15,1,17,5,16,16
5,15,1,18,5,16,16
5,15,1,19,5,16,16
5,15,1,20,5,16,16
5,15,1,21,5,16,16
5,15,1,22,5,16,16
5,15,1,23,5,16,16
5,15,1,24,5,16,16
5,15,1,25,5,16,16
5,15,1,26,5,16,16
5,15,1,27,5,16,16
5,15,1,28,5,16,16
5,15,1,29,5,16,16
5,15,1,30,5,16,16
5,15,1,31,5,16,16
5,15,1,32,5,16,16
5,15,1,33,5,16,16
5,15,4,1,1,16,5
5,15,4,2,1,16,10
5,15,4,3,1,16,15
5,15,4,4,2,16,16
5,15,4,5,2,16,16
5,15,4,6,3,16,16
5,15,4,7,3,16,16
5,15,4,8,4,16,16
5,15,4,9,4,16,16
5,15,4,10,4,16,16
5,15,4,11,4,16,16
5,15,4,12,4,16,16
5,15,4,13,4,16,16
5,15,4,14,4,16,16
5,15,4,15,4,16,16
5,15,4,16,5,16,16
5,15,4,17,5,16,16
5,15,4,18,5,16,16
5,15,4,19,5,16,16
5,15,4,20,5,16,16
5,15,4,21,5,16,16
5,15,4,22,5,16,16
5,15,4,23,5,16,16
5,15,4,24,5,16,16
5,15,4,25,5,16,16
5,15,4,26,5,16,16
5,15,4,27,5,16,16
5,15,4,28,5,16,16
5,15,4,29,5,16,16
5,15,4,30,5,16,16
5,15,4,31,5,16,16
5,15,4,32,5,16,16
5,15,4,33,5,16,16
