boolean_atoms,candidates,batch,calls,cpu_seconds,wall_seconds
0,2,0,64,0.0,0.0009018550001655967
0,2,1,64,0.0,0.0007849700000406301
0,2,2,64,0.0,0.0007071060001635487
0,2,3,64,0.0,0.0007127260000743263
0,2,4,64,0.003991902999999963,0.0007388709998394916
0,2,5,64,0.0,0.0006822240000019519
0,2,6,64,0.0,0.0007092889998148166
0,8,0,64,0.0,0.002001015000132611
0,8,1,64,0.004001482000000056,0.0013642349999827275
0,8,2,64,0.0,0.0010932659999980388
0,8,3,64,0.004000012999999969,0.0021273849999943195
0,8,4,64,0.0,0.0011535319999893545
0,8,5,64,0.0,0.0010781100002077437
0,8,6,64,0.0,0.0010835450000286073
0,32,0,64,0.003997778000000007,0.0030614749998676416
0,32,1,64,0.003999458999999872,0.0035269469999548164
0,32,2,64,0.004001458000000069,0.002762501000006523
0,32,3,64,0.004000017000000078,0.002938416999995752
0,32,4,64,0.004312860999999835,0.004812769000182016
0,32,5,64,0.003687658000000038,0.0031938079998781177
0,32,6,64,0.0,0.0031056469999839464
2,2,0,64,0.004023321000000024,0.0019117220001589885
2,2,1,64,0.0,0.001907122999909916
2,2,2,64,0.004192273000000135,0.0019644770000013523
2,2,3,64,0.0,0.0024387710000155494
2,2,4,64,0.0038022159999999694,0.002775544000087393
2,2,5,64,0.00398270700000003,0.0017826869998316397
2,2,6,64,0.0,0.001641852000147992
2,8,0,64,0.003999866000000019,0.002689814999939699
2,8,1,64,0.0,0.0025556369998867012
2,8,2,64,0.003999819999999987,0.00244932600003267
2,8,3,64,0.0,0.0023869480000939802
2,8,4,64,0.0039996780000000065,0.0028175040001769958
2,8,5,64,0.004002112999999863,0.0026680930000111402
2,8,6,64,0.0,0.0025636479999775474
2,32,0,64,0.008000015999999999,0.005907541999931709
2,32,1,64,0.004000111000000084,0.0051967740000691265
2,32,2,64,0.008000816999999882,0.005732914999953209
2,32,3,64,0.004000720000000069,0.007093837999946118
2,32,4,64,0.007997467999999897,0.004779505999977118
2,32,5,64,0.004000895000000115,0.005159377000154564
2,32,6,64,0.00400120600000009,0.005846360000077766
4,2,0,64,0.008019768999999899,0.007397989000082816
4,2,1,64,0.003981596999999892,0.00406300800000281
4,2,2,64,0.003998187000000097,0.004032901000073252
4,2,3,64,0.00878260799999997,0.005579803000046013
4,2,4,64,0.003218702999999934,0.0047495940000317205
4,2,5,64,0.004000426000000168,0.004073163000157365
4,2,6,64,0.004000098999999979,0.005513673000223207
4,8,0,64,0.008001289999999939,0.007821197000112079
4,8,1,64,0.008001262999999925,0.00820059200009382
4,8,2,64,0.007998639000000196,0.006458580000071379
4,8,3,64,0.004000106999999975,0.00556274299992765
4,8,4,64,0.00799973899999995,0.006195479999860254
4,8,5,64,0.00399967499999998,0.0057360430000699125
4,8,6,64,0.008047646999999936,0.0074625330000799295
4,32,0,64,0.01194075700000008,0.009835920000114129
4,32,1,64,0.008000862999999914,0.009955098000091311
4,32,2,64,0.01200100000000015,0.010171574999958466
4,32,3,64,0.012001505999999829,0.012635731999807831
4,32,4,64,0.011998987000000128,0.010831593000148132
4,32,5,64,0.007999807999999886,0.01069096800006264
4,32,6,64,0.01216117299999997,0.009812065999994957
6,2,0,64,0.015840572000000108,0.015202020000060656
6,2,1,64,0.011999394000000052,0.014270238999870344
6,2,2,64,0.01200100599999998,0.013109660000054646
6,2,3,64,0.01600117600000006,0.013402216999793382
6,2,4,64,0.016027338000000002,0.016532928999822616
6,2,5,64,0.011973800999999895,0.014129834999948798
6,2,6,64,0.015999802000000063,0.012701369000069462
6,8,0,64,0.016001512999999967,0.01730757900008939
6,8,1,64,0.016002239000000085,0.018163774999948146
6,8,2,64,0.023999806999999818,0.02099828499990508
6,8,3,64,0.02000032400000018,0.019126327000094534
6,8,4,64,0.01607140099999982,0.018948453000120935
6,8,5,64,0.015968986000000074,0.01619645200003106
6,8,6,64,0.01996188700000001,0.017714191000095525
6,32,0,64,0.02800195999999988,0.027364118999912534
6,32,1,64,0.0280013320000001,0.03002441499984343
6,32,2,64,0.0279995529999999,0.027154502000030334
6,32,3,64,0.02798917600000017,0.027768849000040063
6,32,4,64,0.03196259999999995,0.03067157500004214
6,32,5,64,0.03196878600000019,0.03389663699999801
6,32,6,64,0.028139511000000006,0.027675766000129443
8,2,0,64,0.05986715399999998,0.060779931000070064
8,2,1,64,0.055998678999999996,0.05356725000001461
8,2,2,64,0.06118925799999975,0.06334490800009007
8,2,3,64,0.07481765900000026,0.07493562500008011
8,2,4,64,0.05599376899999964,0.054700579999916954
8,2,5,64,0.06000011300000008,0.05910078500005511
8,2,6,64,0.05600381900000029,0.05643723899993347
8,8,0,64,0.09203500799999986,0.09385212699999101
8,8,1,64,0.07995983799999973,0.0768016859999534
8,8,2,64,0.06400333400000013,0.0670326079998631
8,8,3,64,0.07209170100000017,0.06989460299996608
8,8,4,64,0.07191612100000011,0.07484318499996334
8,8,5,64,0.06799948299999992,0.06780971900002442
8,8,6,64,0.07195084799999973,0.06955669000012676
8,32,0,64,0.1039689100000003,0.10536233399989214
8,32,1,64,0.09199158399999963,0.09288200600008167
8,32,2,64,0.10800501800000006,0.10574150900015411
8,32,3,64,0.11199222200000003,0.11180638399991949
8,32,4,64,0.09601149999999992,0.09761548100004802
8,32,5,64,0.1199803140000002,0.11830755800019688
8,32,6,64,0.10396703099999982,0.10257778200002576
10,2,0,64,0.25997120800000006,0.260037771000043
10,2,1,64,0.33148085000000016,0.33205485799999224
10,2,2,64,0.319988017,0.31924322100007885
10,2,3,64,0.2840108800000003,0.2860770219999722
10,2,4,64,0.3078478159999998,0.3061624679999113
10,2,5,64,0.2959995160000002,0.2973445669999819
10,2,6,64,0.34000544099999974,0.34073332900015885
10,8,0,64,0.3918927099999996,0.3952352809999411
10,8,1,64,0.299984641,0.2974230620000071
10,8,2,64,0.30401474800000017,0.30657704500004
10,8,3,64,0.3078965379999996,0.30702327899984994
10,8,4,64,0.37999857299999995,0.38118770799997037
10,8,5,64,0.30259585400000066,0.3024354399999538
10,8,6,64,0.31189140399999893,0.310002557999951
10,32,0,64,0.4279896920000006,0.42936850299997786
10,32,1,64,0.44826296399999954,0.44591694799987636
10,32,2,64,0.4116669300000009,0.41194094499996936
10,32,3,64,0.5598771209999995,0.5601353419999668
10,32,4,64,1.1692158330000009,1.1706040349999967
10,32,5,64,0.7346099699999993,0.7324028079999607
10,32,6,64,0.48792463800000085,0.49126759600017067
