distance,tail_latency,capacity,ii,hybrid_cells,all_forward_cells
1,7,1,1,1,1
1,7,1,2,1,1
1,7,1,3,1,1
1,7,1,4,1,1
1,7,1,5,1,1
1,7,1,6,1,1
1,7,1,7,1,1
1,7,1,8,0,1
1,7,4,1,1,1
1,7,4,2,1,1
1,7,4,3,1,1
1,7,4,4,1,1
1,7,4,5,1,1
1,7,4,6,1,1
1,7,4,7,1,1
1,7,4,8,0,1
1,15,1,1,1,1
1,15,1,2,1,1
1,15,1,3,1,1
1,15,1,4,1,1
1,15,1,5,1,1
1,15,1,6,1,1
1,15,1,7,1,1
1,15,1,8,1,1
1,15,1,9,1,1
1,15,1,10,1,1
1,15,1,11,1,1
1,15,1,12,1,1
1,15,1,13,1,1
1,15,1,14,1,1
1,15,1,15,1,1
1,15,1,16,0,1
1,15,4,1,1,1
1,15,4,2,1,1
1,15,4,3,1,1
1,15,4,4,1,1
1,15,4,5,1,1
1,15,4,6,1,1
1,15,4,7,1,1
1,15,4,8,1,1
1,15,4,9,1,1
1,15,4,10,1,1
1,15,4,11,1,1
1,15,4,12,1,1
1,15,4,13,1,1
1,15,4,14,1,1
1,15,4,15,1,1
1,15,4,16,0,1
3,7,1,1,1,1
3,7,1,2,1,1
3,7,1,3,0,1
3,7,1,4,0,2
3,7,1,5,0,2
3,7,1,6,0,2
3,7,1,7,0,2
3,7,1,8,0,3
3,7,4,1,1,1
3,7,4,2,1,1
3,7,4,3,0,1
3,7,4,4,0,2
3,7,4,5,0,2
3,7,4,6,0,2
3,7,4,7,0,2
3,7,4,8,0,3
3,15,1,1,1,1
3,15,1,2,1,1
3,15,1,3,1,1
3,15,1,4,1,1
3,15,1,5,1,1
3,15,1,6,0,1
3,15,1,7,0,1
3,15,1,8,0,2
3,15,1,9,0,2
3,15,1,10,0,2
3,15,1,11,0,2
3,15,1,12,0,2
3,15,1,13,0,2
3,15,1,14,0,2
3,15,1,15,0,2
3,15,1,16,0,3
3,15,4,1,1,1
3,15,4,2,1,1
3,15,4,3,1,1
3,15,4,4,1,1
3,15,4,5,1,1
3,15,4,6,0,1
3,15,4,7,0,1
3,15,4,8,0,2
3,15,4,9,0,2
3,15,4,10,0,2
3,15,4,11,0,2
3,15,4,12,0,2
3,15,4,13,0,2
3,15,4,14,0,2
3,15,4,15,0,2
3,15,4,16,0,3
5,7,1,1,1,1
5,7,1,2,0,2
5,7,1,3,0,3
5,7,1,4,0,4
5,7,1,5,0,4
5,7,1,6,0,4
5,7,1,7,0,4
5,7,1,8,0,5
5,7,4,1,1,1
5,7,4,2,0,2
5,7,4,3,0,3
5,7,4,4,0,4
5,7,4,5,0,4
5,7,4,6,0,4
5,7,4,7,0,4
5,7,4,8,0,5
5,15,1,1,1,1
5,15,1,2,1,1
5,15,1,3,1,1
5,15,1,4,0,2
5,15,1,5,0,2
5,15,1,6,0,3
5,15,1,7,0,3
5,15,1,8,0,4
5,15,1,9,0,4
5,15,1,10,0,4
5,15,1,11,0,4
5,15,1,12,0,4
5,15,1,13,0,4
5,15,1,14,0,4
5,15,1,15,0,4
5,15,1,16,0,5
5,15,4,1,1,1
5,15,4,2,1,1
5,15,4,3,1,1
5,15,4,4,0,2
5,15,4,5,0,2
5,15,4,6,0,3
5,15,4,7,0,3
5,15,4,8,0,4
5,15,4,9,0,4
5,15,4,10,0,4
5,15,4,11,0,4
5,15,4,12,0,4
5,15,4,13,0,4
5,15,4,14,0,4
5,15,4,15,0,4
5,15,4,16,0,5
