case,constructor_admitted,budget,minimum_period,accepted,proof_period_rows
matrix-wait-1-0-3-1-0,True,0,4,True,4
matrix-wait-1-0-3-1-1,True,1,2,True,2
matrix-wait-1-0-3-1-3,True,3,2,True,2
matrix-wait-1-0-3-4-0,True,0,4,True,4
matrix-wait-1-0-3-4-1,True,1,1,True,1
matrix-wait-1-0-3-4-3,True,3,1,True,1
matrix-wait-1-0-9-1-0,True,0,10,True,10
matrix-wait-1-0-9-1-1,True,1,2,True,2
matrix-wait-1-0-9-1-3,True,3,2,True,2
matrix-wait-1-0-9-4-0,True,0,10,True,10
matrix-wait-1-0-9-4-1,True,1,1,True,1
matrix-wait-1-0-9-4-3,True,3,1,True,1
matrix-wait-1-3-3-1-0,True,0,4,True,4
matrix-wait-1-3-3-1-1,True,1,2,True,2
matrix-wait-1-3-3-1-3,True,3,2,True,2
matrix-wait-1-3-3-4-0,True,0,4,True,4
matrix-wait-1-3-3-4-1,True,1,1,True,1
matrix-wait-1-3-3-4-3,True,3,1,True,1
matrix-wait-1-3-9-1-0,True,0,10,True,10
matrix-wait-1-3-9-1-1,True,1,2,True,2
matrix-wait-1-3-9-1-3,True,3,2,True,2
matrix-wait-1-3-9-4-0,True,0,10,True,10
matrix-wait-1-3-9-4-1,True,1,1,True,1
matrix-wait-1-3-9-4-3,True,3,1,True,1
matrix-wait-2-0-3-1-0,True,0,2,True,2
matrix-wait-2-0-3-1-1,True,1,2,True,2
matrix-wait-2-0-3-1-3,True,3,2,True,2
matrix-wait-2-0-3-4-0,True,0,2,True,2
matrix-wait-2-0-3-4-1,True,1,1,True,1
matrix-wait-2-0-3-4-3,True,3,1,True,1
matrix-wait-2-0-9-1-0,True,0,5,True,5
matrix-wait-2-0-9-1-1,True,1,2,True,2
matrix-wait-2-0-9-1-3,True,3,2,True,2
matrix-wait-2-0-9-4-0,True,0,5,True,5
matrix-wait-2-0-9-4-1,True,1,1,True,1
matrix-wait-2-0-9-4-3,True,3,1,True,1
matrix-wait-2-3-3-1-0,True,0,2,True,2
matrix-wait-2-3-3-1-1,True,1,2,True,2
matrix-wait-2-3-3-1-3,True,3,2,True,2
matrix-wait-2-3-3-4-0,True,0,2,True,2
matrix-wait-2-3-3-4-1,True,1,1,True,1
matrix-wait-2-3-3-4-3,True,3,1,True,1
matrix-wait-2-3-9-1-0,True,0,5,True,5
matrix-wait-2-3-9-1-1,True,1,2,True,2
matrix-wait-2-3-9-1-3,True,3,2,True,2
matrix-wait-2-3-9-4-0,True,0,5,True,5
matrix-wait-2-3-9-4-1,True,1,1,True,1
matrix-wait-2-3-9-4-3,True,3,1,True,1
matrix-wait-4-0-3-1-0,True,0,2,True,2
matrix-wait-4-0-3-1-1,True,1,2,True,2
matrix-wait-4-0-3-1-3,True,3,2,True,2
matrix-wait-4-0-3-4-0,True,0,1,True,1
matrix-wait-4-0-3-4-1,True,1,1,True,1
matrix-wait-4-0-3-4-3,True,3,1,True,1
matrix-wait-4-0-9-1-0,True,0,3,True,3
matrix-wait-4-0-9-1-1,True,1,2,True,2
matrix-wait-4-0-9-1-3,True,3,2,True,2
matrix-wait-4-0-9-4-0,True,0,3,True,3
matrix-wait-4-0-9-4-1,True,1,1,True,1
matrix-wait-4-0-9-4-3,True,3,1,True,1
matrix-wait-4-3-3-1-0,True,0,2,True,2
matrix-wait-4-3-3-1-1,True,1,2,True,2
matrix-wait-4-3-3-1-3,True,3,2,True,2
matrix-wait-4-3-3-4-0,True,0,1,True,1
matrix-wait-4-3-3-4-1,True,1,1,True,1
matrix-wait-4-3-3-4-3,True,3,1,True,1
matrix-wait-4-3-9-1-0,True,0,3,True,3
matrix-wait-4-3-9-1-1,True,1,2,True,2
matrix-wait-4-3-9-1-3,True,3,2,True,2
matrix-wait-4-3-9-4-0,True,0,3,True,3
matrix-wait-4-3-9-4-1,True,1,1,True,1
matrix-wait-4-3-9-4-3,True,3,1,True,1
matrix-recover-1-0-3-1-0,False,0,,True,4
matrix-recover-1-0-3-1-1,False,1,,True,4
matrix-recover-1-0-3-1-3,False,3,,True,4
matrix-recover-1-0-3-4-0,True,0,4,True,4
matrix-recover-1-0-3-4-1,True,1,1,True,1
matrix-recover-1-0-3-4-3,True,3,1,True,1
matrix-recover-1-0-9-1-0,False,0,,True,10
matrix-recover-1-0-9-1-1,False,1,,True,10
matrix-recover-1-0-9-1-3,False,3,,True,10
matrix-recover-1-0-9-4-0,True,0,10,True,10
matrix-recover-1-0-9-4-1,True,1,1,True,1
matrix-recover-1-0-9-4-3,True,3,1,True,1
matrix-recover-1-3-3-1-0,True,0,7,True,7
matrix-recover-1-3-3-1-1,True,1,4,True,4
matrix-recover-1-3-3-1-3,True,3,4,True,4
matrix-recover-1-3-3-4-0,True,0,7,True,7
matrix-recover-1-3-3-4-1,True,1,4,True,4
matrix-recover-1-3-3-4-3,True,3,4,True,4
matrix-recover-1-3-9-1-0,True,0,13,True,13
matrix-recover-1-3-9-1-1,True,1,5,True,5
matrix-recover-1-3-9-1-3,True,3,5,True,5
matrix-recover-1-3-9-4-0,True,0,13,True,13
matrix-recover-1-3-9-4-1,True,1,4,True,4
matrix-recover-1-3-9-4-3,True,3,4,True,4
matrix-recover-2-0-3-1-0,False,0,,True,4
matrix-recover-2-0-3-1-1,False,1,,True,4
matrix-recover-2-0-3-1-3,False,3,,True,4
matrix-recover-2-0-3-4-0,True,0,2,True,2
matrix-recover-2-0-3-4-1,True,1,1,True,1
matrix-recover-2-0-3-4-3,True,3,1,True,1
matrix-recover-2-0-9-1-0,False,0,,True,10
matrix-recover-2-0-9-1-1,False,1,,True,10
matrix-recover-2-0-9-1-3,False,3,,True,10
matrix-recover-2-0-9-4-0,True,0,5,True,5
matrix-recover-2-0-9-4-1,True,1,1,True,1
matrix-recover-2-0-9-4-3,True,3,1,True,1
matrix-recover-2-3-3-1-0,True,0,4,True,4
matrix-recover-2-3-3-1-1,True,1,4,True,4
matrix-recover-2-3-3-1-3,True,3,4,True,4
matrix-recover-2-3-3-4-0,True,0,4,True,4
matrix-recover-2-3-3-4-1,True,1,2,True,2
matrix-recover-2-3-3-4-3,True,3,2,True,2
matrix-recover-2-3-9-1-0,True,0,7,True,7
matrix-recover-2-3-9-1-1,True,1,5,True,5
matrix-recover-2-3-9-1-3,True,3,5,True,5
matrix-recover-2-3-9-4-0,True,0,7,True,7
matrix-recover-2-3-9-4-1,True,1,4,True,4
matrix-recover-2-3-9-4-3,True,3,2,True,2
matrix-recover-4-0-3-1-0,False,0,,True,4
matrix-recover-4-0-3-1-1,False,1,,True,4
matrix-recover-4-0-3-1-3,False,3,,True,4
matrix-recover-4-0-3-4-0,True,0,1,True,1
matrix-recover-4-0-3-4-1,True,1,1,True,1
matrix-recover-4-0-3-4-3,True,3,1,True,1
matrix-recover-4-0-9-1-0,False,0,,True,10
matrix-recover-4-0-9-1-1,False,1,,True,10
matrix-recover-4-0-9-1-3,False,3,,True,10
matrix-recover-4-0-9-4-0,True,0,3,True,3
matrix-recover-4-0-9-4-1,True,1,1,True,1
matrix-recover-4-0-9-4-3,True,3,1,True,1
matrix-recover-4-3-3-1-0,True,0,4,True,4
matrix-recover-4-3-3-1-1,True,1,4,True,4
matrix-recover-4-3-3-1-3,True,3,4,True,4
matrix-recover-4-3-3-4-0,True,0,2,True,2
matrix-recover-4-3-3-4-1,True,1,1,True,1
matrix-recover-4-3-3-4-3,True,3,1,True,1
matrix-recover-4-3-9-1-0,True,0,5,True,5
matrix-recover-4-3-9-1-1,True,1,5,True,5
matrix-recover-4-3-9-1-3,True,3,5,True,5
matrix-recover-4-3-9-4-0,True,0,4,True,4
matrix-recover-4-3-9-4-1,True,1,3,True,3
matrix-recover-4-3-9-4-3,True,3,2,True,2
