case,budget,minimum_period,enumerated_minimum,accepted
small-0-3-0,0,4,4,True
small-0-3-1,1,4,4,True
small-0-3-2,2,2,2,True
small-0-3-3,3,2,2,True
small-0-3-4,4,2,2,True
small-0-3-5,5,1,1,True
small-0-3-6,6,1,1,True
small-0-7-0,0,8,8,True
small-0-7-1,1,8,8,True
small-0-7-2,2,4,4,True
small-0-7-3,3,3,3,True
small-0-7-4,4,3,3,True
small-0-7-5,5,1,1,True
small-0-7-6,6,1,1,True
small-2-3-0,0,4,4,True
small-2-3-1,1,4,4,True
small-2-3-2,2,2,2,True
small-2-3-3,3,2,2,True
small-2-3-4,4,2,2,True
small-2-3-5,5,1,1,True
small-2-3-6,6,1,1,True
small-2-7-0,0,8,8,True
small-2-7-1,1,8,8,True
small-2-7-2,2,4,4,True
small-2-7-3,3,3,3,True
small-2-7-4,4,3,3,True
small-2-7-5,5,1,1,True
small-2-7-6,6,1,1,True
